Training: 2026-06-05 15:22:26,018-rank_id: 0
/home/lslopes/.conda/envs/swin-det/lib/python3.7/site-packages/torch/functional.py:478: UserWarning: torch.meshgrid: in an upcoming release, it will be required to pass the indexing argument. (Triggered internally at  /opt/conda/conda-bld/pytorch_1659484801627/work/aten/src/ATen/native/TensorShape.cpp:2894.)
  return _VF.meshgrid(tensors, **kwargs)  # type: ignore[attr-defined]
Training: 2026-06-05 15:22:40,942-: val_targets              ['lfw', 'cfp_fp', 'agedb_30', 'calfw', 'cplfw']
Training: 2026-06-05 15:22:40,942-: rec                      <your path>/data/faces_emore/
Training: 2026-06-05 15:22:40,942-: num_classes              85742
Training: 2026-06-05 15:22:40,942-: num_image                5822653
Training: 2026-06-05 15:22:40,942-: age_gender_data_path     <your path>/data/AIO_train
Training: 2026-06-05 15:22:40,942-: age_gender_data_list     ['IMDB', 'WIKI', 'Adience', 'MORPH']
Training: 2026-06-05 15:22:40,942-: CelebA_train_data        <your path>/data/CelebA/data
Training: 2026-06-05 15:22:40,942-: CelebA_train_label       <your path>/data/AIO_train/CelebA/label.txt
Training: 2026-06-05 15:22:40,942-: CelebA_val_data          <your path>/data/CelebA/data
Training: 2026-06-05 15:22:40,942-: CelebA_val_label         <your path>/data/AIO_val/CelebA/label.txt
Training: 2026-06-05 15:22:40,942-: CelebA_test_data         <your path>/data/CelebA/data
Training: 2026-06-05 15:22:40,942-: CelebA_test_label        <your path>/data/AIO_test/CelebA/label.txt
Training: 2026-06-05 15:22:40,942-: head_pose_train_data     /experiments/shared_face_rec_pep/AFLW/data/flickr
Training: 2026-06-05 15:22:40,942-: head_pose_train_label    /experiments/shared_face_rec_pep/AFLW/data/flickr/aflw_train.txt
Training: 2026-06-05 15:22:40,942-: head_pose_val_data       /experiments/shared_face_rec_pep/AFLW/data/flickr/
Training: 2026-06-05 15:22:40,942-: head_pose_val_label      /experiments/shared_face_rec_pep/AFLW/data/flickr/aflw_val.txt
Training: 2026-06-05 15:22:40,942-: head_pose_test_data      /experiments/shared_face_rec_pep/AFLW/data/flickr
Training: 2026-06-05 15:22:40,943-: head_pose_test_label     /experiments/shared_face_rec_pep/AFLW/data/flickr/aflw_test.txt
Training: 2026-06-05 15:22:40,943-: FGnet_data               <your path>/data/AIO_val/FGnet/data
Training: 2026-06-05 15:22:40,943-: FGnet_label              <your path>/data/AIO_val/FGnet/label.txt
Training: 2026-06-05 15:22:40,943-: RAF_data_train           /experiments/shared_face_rec_pep/RAF_DB/train
Training: 2026-06-05 15:22:40,943-: RAF_data_test            /experiments/shared_face_rec_pep/RAF_DB/test
Training: 2026-06-05 15:22:40,943-: RAF_label_train          /experiments/shared_face_rec_pep/RAF_DB/train_labels.csv
Training: 2026-06-05 15:22:40,943-: RAF_label_test           /experiments/shared_face_rec_pep/RAF_DB/test_labels.csv
Training: 2026-06-05 15:22:40,943-: AffectNet_train_data     /experiments/shared_face_rec_pep/AffectNet+/human_annotated/train_set/images
Training: 2026-06-05 15:22:40,943-: AffectNet_train_label    /experiments/shared_face_rec_pep/AffectNet+/human_annotated/train_set/annotations
Training: 2026-06-05 15:22:40,943-: AffectNet_val_data       /experiments/shared_face_rec_pep/AffectNet+/human_annotated/validation_set/images
Training: 2026-06-05 15:22:40,943-: AffectNet_val_label      /experiments/shared_face_rec_pep/AffectNet+/human_annotated/validation_set/annotations
Training: 2026-06-05 15:22:40,943-: W_LP_data                /experiments/shared_face_rec_pep/300W_LP21
Training: 2026-06-05 15:22:40,943-: LAP_train_data           <your path>/data/AIO_test/LAP_finetuning/data
Training: 2026-06-05 15:22:40,943-: LAP_train_label          <your path>/data/AIO_test/LAP_finetuning/label.csv
Training: 2026-06-05 15:22:40,943-: LAP_test_data            <your path>/data/AIO_test/LAP_test/data
Training: 2026-06-05 15:22:40,943-: LAP_test_label           <your path>/data/AIO_test/LAP_test/label.csv
Training: 2026-06-05 15:22:40,943-: CLAP_train_data          <your path>/data/AIO_test/LAP_finetuning/data
Training: 2026-06-05 15:22:40,943-: CLAP_train_label         <your path>/data/AIO_test/LAP_finetuning/label.csv
Training: 2026-06-05 15:22:40,943-: CLAP_val_data            <your path>/data/AIO_test/LAP_test/data
Training: 2026-06-05 15:22:40,943-: CLAP_val_label           <your path>/data/AIO_test/LAP_test/label.csv
Training: 2026-06-05 15:22:40,943-: CLAP_test_data           <your path>/data/LAP_test/test
Training: 2026-06-05 15:22:40,943-: CLAP_test_label          <your path>/data/LAP_test/test.csv
Training: 2026-06-05 15:22:40,943-: img_size                 112
Training: 2026-06-05 15:22:40,943-: batch_size               128
Training: 2026-06-05 15:22:40,943-: recognition_bz           32
Training: 2026-06-05 15:22:40,943-: age_gender_bz            32
Training: 2026-06-05 15:22:40,943-: CelebA_bz                32
Training: 2026-06-05 15:22:40,943-: expression_bz            64
Training: 2026-06-05 15:22:40,943-: head_pose_bz             64
Training: 2026-06-05 15:22:40,943-: train_num_workers        1
Training: 2026-06-05 15:22:40,943-: train_pin_memory         True
Training: 2026-06-05 15:22:40,943-: val_batch_size           64
Training: 2026-06-05 15:22:40,943-: val_num_workers          1
Training: 2026-06-05 15:22:40,943-: val_pin_memory           True
Training: 2026-06-05 15:22:40,943-: INTERPOLATION            bicubic
Training: 2026-06-05 15:22:40,943-: RAF_NUM_CLASSES          7
Training: 2026-06-05 15:22:40,943-: RAF_LABEL_SMOOTHING      0.1
Training: 2026-06-05 15:22:40,943-: AUG_COLOR_JITTER         0.4
Training: 2026-06-05 15:22:40,943-: AUG_AUTO_AUGMENT         rand-m9-mstd0.5-inc1
Training: 2026-06-05 15:22:40,943-: AUG_REPROB               0.25
Training: 2026-06-05 15:22:40,943-: AUG_REMODE               pixel
Training: 2026-06-05 15:22:40,943-: AUG_RECOUNT              1
Training: 2026-06-05 15:22:40,943-: AUG_MIXUP                0.0
Training: 2026-06-05 15:22:40,943-: AUG_CUTMIX               0.0
Training: 2026-06-05 15:22:40,943-: AUG_CUTMIX_MINMAX        None
Training: 2026-06-05 15:22:40,943-: AUG_MIXUP_PROB           1.0
Training: 2026-06-05 15:22:40,943-: AUG_MIXUP_SWITCH_PROB    0.5
Training: 2026-06-05 15:22:40,944-: AUG_MIXUP_MODE           batch
Training: 2026-06-05 15:22:40,944-: AUG_SCALE_SET            True
Training: 2026-06-05 15:22:40,944-: AUG_SCALE_SCALE          (1.0, 1.0)
Training: 2026-06-05 15:22:40,944-: AUG_SCALE_RATIO          (1.0, 1.0)
Training: 2026-06-05 15:22:40,944-: network                  swin_t
Training: 2026-06-05 15:22:40,944-: fam_kernel_size          3
Training: 2026-06-05 15:22:40,944-: fam_in_chans             2112
Training: 2026-06-05 15:22:40,944-: fam_conv_shared          False
Training: 2026-06-05 15:22:40,944-: fam_conv_mode            split
Training: 2026-06-05 15:22:40,944-: fam_channel_attention    CBAM
Training: 2026-06-05 15:22:40,944-: fam_spatial_attention    None
Training: 2026-06-05 15:22:40,944-: fam_pooling              max
Training: 2026-06-05 15:22:40,944-: fam_la_num_list          [2, 2, 2]
Training: 2026-06-05 15:22:40,944-: fam_feature              all
Training: 2026-06-05 15:22:40,944-: fam                      3x3_2112_F_s_C_N_max
Training: 2026-06-05 15:22:40,944-: embedding_size           512
Training: 2026-06-05 15:22:40,944-: analysis_branch_num      3
Training: 2026-06-05 15:22:40,944-: analysis_loss_weights    [1.0, 1.0, 1.0]
Training: 2026-06-05 15:22:40,944-: resume                   False
Training: 2026-06-05 15:22:40,944-: resume_step              3999
Training: 2026-06-05 15:22:40,944-: init                     False
Training: 2026-06-05 15:22:40,944-: init_model               /home/lslopes/Swin-Transformer-Object-Detection/SwinFace/output/checkpoint_step_79999_gpu_0.pt
Training: 2026-06-05 15:22:40,944-: warmup_step              8000
Training: 2026-06-05 15:22:40,944-: total_step               80000
Training: 2026-06-05 15:22:40,944-: optimizer                adamw
Training: 2026-06-05 15:22:40,944-: lr                       0.000125
Training: 2026-06-05 15:22:40,944-: weight_decay             0.05
Training: 2026-06-05 15:22:40,944-: lr_name                  cosine
Training: 2026-06-05 15:22:40,944-: warmup_lr                1.25e-07
Training: 2026-06-05 15:22:40,944-: min_lr                   1.25e-06
Training: 2026-06-05 15:22:40,944-: decay_epoch              10
Training: 2026-06-05 15:22:40,944-: decay_rate               0.1
Training: 2026-06-05 15:22:40,944-: margin_list              (1.0, 0.0, 0.4)
Training: 2026-06-05 15:22:40,944-: sample_rate              0.3
Training: 2026-06-05 15:22:40,944-: interclass_filtering_threshold0
Training: 2026-06-05 15:22:40,944-: recognition_loss_weight  1.0
Training: 2026-06-05 15:22:40,944-: fp16                     True
Training: 2026-06-05 15:22:40,944-: dali                     False
Training: 2026-06-05 15:22:40,944-: seed                     2048
Training: 2026-06-05 15:22:40,944-: save_all_states          True
Training: 2026-06-05 15:22:40,944-: output                   /home/lslopes/Swin-Transformer-Object-Detection/SwinFace/output
Training: 2026-06-05 15:22:40,944-: verbose                  2000
Training: 2026-06-05 15:22:40,944-: save_verbose             4000
Training: 2026-06-05 15:22:40,944-: frequent                 10
Training: 2026-06-05 15:22:40,944-: total_batch_size         128
Training: 2026-06-05 15:22:40,944-: epoch_step               4627
Training: 2026-06-05 15:22:40,944-: num_epoch                18
/home/lslopes/.conda/envs/swin-det/lib/python3.7/site-packages/torchvision/transforms/functional.py:418: UserWarning: Argument 'interpolation' of type int is deprecated since 0.13 and will be removed in 0.15. Please use InterpolationMode enum.
  "Argument 'interpolation' of type int is deprecated since 0.13 and will be removed in 0.15. "
/home/lslopes/.conda/envs/swin-det/lib/python3.7/site-packages/torchvision/transforms/functional.py:418: UserWarning: Argument 'interpolation' of type int is deprecated since 0.13 and will be removed in 0.15. Please use InterpolationMode enum.
  "Argument 'interpolation' of type int is deprecated since 0.13 and will be removed in 0.15. "
Training: 2026-06-05 15:22:59,690-Speed 158.67 samples/sec   Loss 2.5051  Expression Loss 1.9163      HeadPose Loss 0.5888      LearningRate 0.000000   Epoch: 0   Global Step: 19   Fp16 Grad Scale: 65536   Required: 20 hours


Training: 2026-06-05 15:23:07,756-Speed 158.69 samples/sec   Loss 2.5136  Expression Loss 1.9177      HeadPose Loss 0.5959      LearningRate 0.000000   Epoch: 0   Global Step: 29   Fp16 Grad Scale: 65536   Required: 19 hours


Training: 2026-06-05 15:23:15,832-Speed 158.51 samples/sec   Loss 2.4900  Expression Loss 1.9183      HeadPose Loss 0.5717      LearningRate 0.000000   Epoch: 0   Global Step: 39   Fp16 Grad Scale: 65536   Required: 19 hours


Training: 2026-06-05 15:23:23,909-Speed 158.47 samples/sec   Loss 2.4784  Expression Loss 1.9180      HeadPose Loss 0.5603      LearningRate 0.000000   Epoch: 0   Global Step: 49   Fp16 Grad Scale: 65536   Required: 19 hours


Training: 2026-06-05 15:23:32,002-Speed 158.18 samples/sec   Loss 2.4870  Expression Loss 1.9104      HeadPose Loss 0.5766      LearningRate 0.000000   Epoch: 0   Global Step: 59   Fp16 Grad Scale: 65536   Required: 19 hours


Training: 2026-06-05 15:23:40,102-Speed 158.03 samples/sec   Loss 2.4968  Expression Loss 1.9137      HeadPose Loss 0.5832      LearningRate 0.000000   Epoch: 0   Global Step: 69   Fp16 Grad Scale: 65536   Required: 18 hours


Training: 2026-06-05 15:23:48,197-Speed 158.12 samples/sec   Loss 2.4748  Expression Loss 1.9084      HeadPose Loss 0.5664      LearningRate 0.000000   Epoch: 0   Global Step: 79   Fp16 Grad Scale: 65536   Required: 19 hours


Training: 2026-06-05 15:23:56,283-Speed 158.32 samples/sec   Loss 2.4641  Expression Loss 1.9051      HeadPose Loss 0.5590      LearningRate 0.000000   Epoch: 0   Global Step: 89   Fp16 Grad Scale: 65536   Required: 18 hours


Training: 2026-06-05 15:24:04,374-Speed 158.21 samples/sec   Loss 2.4667  Expression Loss 1.8959      HeadPose Loss 0.5708      LearningRate 0.000000   Epoch: 0   Global Step: 99   Fp16 Grad Scale: 131072   Required: 18 hours


Training: 2026-06-05 15:24:12,470-Speed 158.11 samples/sec   Loss 2.4522  Expression Loss 1.8992      HeadPose Loss 0.5530      LearningRate 0.000000   Epoch: 0   Global Step: 109   Fp16 Grad Scale: 131072   Required: 18 hours


Training: 2026-06-05 15:24:20,569-Speed 158.04 samples/sec   Loss 2.4525  Expression Loss 1.8926      HeadPose Loss 0.5599      LearningRate 0.000000   Epoch: 0   Global Step: 119   Fp16 Grad Scale: 131072   Required: 18 hours


Training: 2026-06-05 15:24:28,665-Speed 158.12 samples/sec   Loss 2.4247  Expression Loss 1.8803      HeadPose Loss 0.5445      LearningRate 0.000000   Epoch: 0   Global Step: 129   Fp16 Grad Scale: 131072   Required: 18 hours


Training: 2026-06-05 15:24:36,771-Speed 157.91 samples/sec   Loss 2.4044  Expression Loss 1.8797      HeadPose Loss 0.5247      LearningRate 0.000000   Epoch: 0   Global Step: 139   Fp16 Grad Scale: 131072   Required: 18 hours


Training: 2026-06-05 15:24:44,883-Speed 157.79 samples/sec   Loss 2.4020  Expression Loss 1.8788      HeadPose Loss 0.5231      LearningRate 0.000000   Epoch: 0   Global Step: 149   Fp16 Grad Scale: 131072   Required: 18 hours


Training: 2026-06-05 15:24:52,983-Speed 158.05 samples/sec   Loss 2.3870  Expression Loss 1.8721      HeadPose Loss 0.5148      LearningRate 0.000000   Epoch: 0   Global Step: 159   Fp16 Grad Scale: 131072   Required: 18 hours


Training: 2026-06-05 15:25:01,086-Speed 157.97 samples/sec   Loss 2.3851  Expression Loss 1.8638      HeadPose Loss 0.5213      LearningRate 0.000000   Epoch: 0   Global Step: 169   Fp16 Grad Scale: 131072   Required: 18 hours


Training: 2026-06-05 15:25:09,184-Speed 158.07 samples/sec   Loss 2.3698  Expression Loss 1.8681      HeadPose Loss 0.5018      LearningRate 0.000000   Epoch: 0   Global Step: 179   Fp16 Grad Scale: 131072   Required: 18 hours


Training: 2026-06-05 15:25:17,288-Speed 157.96 samples/sec   Loss 2.3765  Expression Loss 1.8638      HeadPose Loss 0.5127      LearningRate 0.000000   Epoch: 0   Global Step: 189   Fp16 Grad Scale: 131072   Required: 18 hours


Training: 2026-06-05 15:25:25,386-Speed 158.06 samples/sec   Loss 2.3188  Expression Loss 1.8399      HeadPose Loss 0.4789      LearningRate 0.000000   Epoch: 0   Global Step: 199   Fp16 Grad Scale: 262144   Required: 18 hours


Training: 2026-06-05 15:25:33,491-Speed 157.94 samples/sec   Loss 2.3429  Expression Loss 1.8402      HeadPose Loss 0.5027      LearningRate 0.000000   Epoch: 0   Global Step: 209   Fp16 Grad Scale: 262144   Required: 18 hours


Training: 2026-06-05 15:25:41,598-Speed 157.90 samples/sec   Loss 2.3154  Expression Loss 1.8259      HeadPose Loss 0.4895      LearningRate 0.000000   Epoch: 0   Global Step: 219   Fp16 Grad Scale: 262144   Required: 18 hours


Training: 2026-06-05 15:25:49,710-Speed 157.80 samples/sec   Loss 2.3242  Expression Loss 1.8378      HeadPose Loss 0.4864      LearningRate 0.000000   Epoch: 0   Global Step: 229   Fp16 Grad Scale: 262144   Required: 18 hours


Training: 2026-06-05 15:25:57,808-Speed 158.07 samples/sec   Loss 2.2826  Expression Loss 1.8078      HeadPose Loss 0.4748      LearningRate 0.000000   Epoch: 0   Global Step: 239   Fp16 Grad Scale: 262144   Required: 18 hours


Training: 2026-06-05 15:26:05,915-Speed 157.89 samples/sec   Loss 2.2537  Expression Loss 1.8059      HeadPose Loss 0.4478      LearningRate 0.000001   Epoch: 0   Global Step: 249   Fp16 Grad Scale: 262144   Required: 18 hours


Training: 2026-06-05 15:26:14,020-Speed 157.94 samples/sec   Loss 2.2503  Expression Loss 1.7855      HeadPose Loss 0.4648      LearningRate 0.000001   Epoch: 0   Global Step: 259   Fp16 Grad Scale: 262144   Required: 18 hours


Training: 2026-06-05 15:26:22,128-Speed 157.87 samples/sec   Loss 2.2156  Expression Loss 1.7783      HeadPose Loss 0.4373      LearningRate 0.000001   Epoch: 0   Global Step: 269   Fp16 Grad Scale: 262144   Required: 18 hours


Training: 2026-06-05 15:26:30,235-Speed 157.90 samples/sec   Loss 2.2318  Expression Loss 1.7793      HeadPose Loss 0.4525      LearningRate 0.000001   Epoch: 0   Global Step: 279   Fp16 Grad Scale: 262144   Required: 18 hours


Training: 2026-06-05 15:26:38,354-Speed 157.65 samples/sec   Loss 2.1979  Expression Loss 1.7607      HeadPose Loss 0.4372      LearningRate 0.000001   Epoch: 0   Global Step: 289   Fp16 Grad Scale: 262144   Required: 18 hours


Training: 2026-06-05 15:26:46,454-Speed 158.03 samples/sec   Loss 2.1850  Expression Loss 1.7498      HeadPose Loss 0.4351      LearningRate 0.000001   Epoch: 0   Global Step: 299   Fp16 Grad Scale: 524288   Required: 18 hours


Training: 2026-06-05 15:26:54,558-Speed 157.97 samples/sec   Loss 2.1642  Expression Loss 1.7329      HeadPose Loss 0.4313      LearningRate 0.000001   Epoch: 0   Global Step: 309   Fp16 Grad Scale: 524288   Required: 18 hours


Training: 2026-06-05 15:27:02,662-Speed 157.96 samples/sec   Loss 2.1507  Expression Loss 1.7207      HeadPose Loss 0.4300      LearningRate 0.000001   Epoch: 0   Global Step: 319   Fp16 Grad Scale: 524288   Required: 18 hours


Training: 2026-06-05 15:27:10,770-Speed 157.88 samples/sec   Loss 2.1095  Expression Loss 1.7038      HeadPose Loss 0.4057      LearningRate 0.000001   Epoch: 0   Global Step: 329   Fp16 Grad Scale: 524288   Required: 18 hours


Training: 2026-06-05 15:27:18,885-Speed 157.73 samples/sec   Loss 2.0901  Expression Loss 1.6814      HeadPose Loss 0.4087      LearningRate 0.000001   Epoch: 0   Global Step: 339   Fp16 Grad Scale: 524288   Required: 18 hours


Training: 2026-06-05 15:27:26,998-Speed 157.78 samples/sec   Loss 2.0967  Expression Loss 1.6922      HeadPose Loss 0.4046      LearningRate 0.000001   Epoch: 0   Global Step: 349   Fp16 Grad Scale: 524288   Required: 18 hours


Training: 2026-06-05 15:27:35,106-Speed 157.87 samples/sec   Loss 2.0746  Expression Loss 1.6889      HeadPose Loss 0.3857      LearningRate 0.000001   Epoch: 0   Global Step: 359   Fp16 Grad Scale: 524288   Required: 18 hours


Training: 2026-06-05 15:27:43,211-Speed 157.95 samples/sec   Loss 2.0580  Expression Loss 1.6709      HeadPose Loss 0.3871      LearningRate 0.000001   Epoch: 0   Global Step: 369   Fp16 Grad Scale: 524288   Required: 18 hours


Training: 2026-06-05 15:27:51,306-Speed 158.12 samples/sec   Loss 2.0220  Expression Loss 1.6381      HeadPose Loss 0.3839      LearningRate 0.000001   Epoch: 0   Global Step: 379   Fp16 Grad Scale: 524288   Required: 18 hours


Training: 2026-06-05 15:27:59,405-Speed 158.05 samples/sec   Loss 2.0385  Expression Loss 1.6551      HeadPose Loss 0.3834      LearningRate 0.000001   Epoch: 0   Global Step: 389   Fp16 Grad Scale: 524288   Required: 18 hours


Training: 2026-06-05 15:28:07,499-Speed 158.15 samples/sec   Loss 2.0196  Expression Loss 1.6483      HeadPose Loss 0.3713      LearningRate 0.000001   Epoch: 0   Global Step: 399   Fp16 Grad Scale: 1048576   Required: 18 hours


Training: 2026-06-05 15:28:15,625-Speed 157.54 samples/sec   Loss 1.9525  Expression Loss 1.5937      HeadPose Loss 0.3588      LearningRate 0.000001   Epoch: 0   Global Step: 409   Fp16 Grad Scale: 1048576   Required: 18 hours


Training: 2026-06-05 15:28:23,743-Speed 157.68 samples/sec   Loss 2.0004  Expression Loss 1.6631      HeadPose Loss 0.3373      LearningRate 0.000001   Epoch: 0   Global Step: 419   Fp16 Grad Scale: 1048576   Required: 18 hours


Training: 2026-06-05 15:28:31,878-Speed 157.35 samples/sec   Loss 1.9801  Expression Loss 1.6087      HeadPose Loss 0.3715      LearningRate 0.000001   Epoch: 0   Global Step: 429   Fp16 Grad Scale: 1048576   Required: 18 hours


Training: 2026-06-05 15:28:40,014-Speed 157.33 samples/sec   Loss 1.9950  Expression Loss 1.6484      HeadPose Loss 0.3467      LearningRate 0.000001   Epoch: 0   Global Step: 439   Fp16 Grad Scale: 1048576   Required: 18 hours


Training: 2026-06-05 15:28:48,143-Speed 157.48 samples/sec   Loss 1.9370  Expression Loss 1.5891      HeadPose Loss 0.3479      LearningRate 0.000001   Epoch: 0   Global Step: 449   Fp16 Grad Scale: 1048576   Required: 18 hours


Training: 2026-06-05 15:28:56,282-Speed 157.29 samples/sec   Loss 1.9686  Expression Loss 1.6140      HeadPose Loss 0.3546      LearningRate 0.000001   Epoch: 0   Global Step: 459   Fp16 Grad Scale: 1048576   Required: 18 hours


Training: 2026-06-05 15:29:04,407-Speed 157.53 samples/sec   Loss 1.9634  Expression Loss 1.6215      HeadPose Loss 0.3419      LearningRate 0.000001   Epoch: 0   Global Step: 469   Fp16 Grad Scale: 1048576   Required: 18 hours


Training: 2026-06-05 15:29:12,544-Speed 157.33 samples/sec   Loss 1.9201  Expression Loss 1.5811      HeadPose Loss 0.3390      LearningRate 0.000001   Epoch: 0   Global Step: 479   Fp16 Grad Scale: 1048576   Required: 18 hours


Training: 2026-06-05 15:29:20,676-Speed 157.41 samples/sec   Loss 1.9184  Expression Loss 1.6056      HeadPose Loss 0.3129      LearningRate 0.000001   Epoch: 0   Global Step: 489   Fp16 Grad Scale: 1048576   Required: 18 hours


Training: 2026-06-05 15:29:28,811-Speed 157.36 samples/sec   Loss 1.9061  Expression Loss 1.5541      HeadPose Loss 0.3521      LearningRate 0.000001   Epoch: 0   Global Step: 499   Fp16 Grad Scale: 2097152   Required: 18 hours


Training: 2026-06-05 15:29:36,960-Speed 157.08 samples/sec   Loss 1.9329  Expression Loss 1.5947      HeadPose Loss 0.3381      LearningRate 0.000001   Epoch: 0   Global Step: 509   Fp16 Grad Scale: 2097152   Required: 18 hours


Training: 2026-06-05 15:29:45,095-Speed 157.35 samples/sec   Loss 1.9197  Expression Loss 1.5907      HeadPose Loss 0.3290      LearningRate 0.000001   Epoch: 0   Global Step: 519   Fp16 Grad Scale: 2097152   Required: 18 hours


Training: 2026-06-05 15:29:53,238-Speed 157.20 samples/sec   Loss 1.8696  Expression Loss 1.5603      HeadPose Loss 0.3093      LearningRate 0.000001   Epoch: 0   Global Step: 529   Fp16 Grad Scale: 2097152   Required: 18 hours


Training: 2026-06-05 15:30:01,366-Speed 157.49 samples/sec   Loss 1.8740  Expression Loss 1.5410      HeadPose Loss 0.3330      LearningRate 0.000001   Epoch: 0   Global Step: 539   Fp16 Grad Scale: 2097152   Required: 18 hours


Training: 2026-06-05 15:30:09,506-Speed 157.27 samples/sec   Loss 1.8813  Expression Loss 1.5446      HeadPose Loss 0.3366      LearningRate 0.000001   Epoch: 0   Global Step: 549   Fp16 Grad Scale: 2097152   Required: 18 hours


/home/lslopes/.conda/envs/swin-det/lib/python3.7/site-packages/torchvision/transforms/functional.py:418: UserWarning: Argument 'interpolation' of type int is deprecated since 0.13 and will be removed in 0.15. Please use InterpolationMode enum.
  "Argument 'interpolation' of type int is deprecated since 0.13 and will be removed in 0.15. "
/home/lslopes/.conda/envs/swin-det/lib/python3.7/site-packages/torchvision/transforms/functional.py:418: UserWarning: Argument 'interpolation' of type int is deprecated since 0.13 and will be removed in 0.15. Please use InterpolationMode enum.
  "Argument 'interpolation' of type int is deprecated since 0.13 and will be removed in 0.15. "
Training: 2026-06-05 15:30:18,683-Speed 139.48 samples/sec   Loss 1.8472  Expression Loss 1.5222      HeadPose Loss 0.3251      LearningRate 0.000001   Epoch: 1   Global Step: 559   Fp16 Grad Scale: 2097152   Required: 18 hours


Training: 2026-06-05 15:30:26,803-Speed 157.64 samples/sec   Loss 1.8614  Expression Loss 1.5504      HeadPose Loss 0.3110      LearningRate 0.000001   Epoch: 1   Global Step: 569   Fp16 Grad Scale: 2097152   Required: 18 hours


Training: 2026-06-05 15:30:34,932-Speed 157.48 samples/sec   Loss 1.8484  Expression Loss 1.5478      HeadPose Loss 0.3006      LearningRate 0.000001   Epoch: 1   Global Step: 579   Fp16 Grad Scale: 2097152   Required: 18 hours


Training: 2026-06-05 15:30:43,060-Speed 157.49 samples/sec   Loss 1.8426  Expression Loss 1.5436      HeadPose Loss 0.2991      LearningRate 0.000001   Epoch: 1   Global Step: 589   Fp16 Grad Scale: 2097152   Required: 18 hours


Training: 2026-06-05 15:30:51,179-Speed 157.67 samples/sec   Loss 1.8597  Expression Loss 1.5453      HeadPose Loss 0.3144      LearningRate 0.000001   Epoch: 1   Global Step: 599   Fp16 Grad Scale: 4194304   Required: 18 hours


Training: 2026-06-05 15:30:59,303-Speed 157.55 samples/sec   Loss 1.8435  Expression Loss 1.5231      HeadPose Loss 0.3205      LearningRate 0.000001   Epoch: 1   Global Step: 609   Fp16 Grad Scale: 4194304   Required: 18 hours


Training: 2026-06-05 15:31:07,430-Speed 157.51 samples/sec   Loss 1.8273  Expression Loss 1.5348      HeadPose Loss 0.2925      LearningRate 0.000001   Epoch: 1   Global Step: 619   Fp16 Grad Scale: 4194304   Required: 18 hours


Training: 2026-06-05 15:31:15,551-Speed 157.62 samples/sec   Loss 1.8427  Expression Loss 1.5378      HeadPose Loss 0.3049      LearningRate 0.000001   Epoch: 1   Global Step: 629   Fp16 Grad Scale: 4194304   Required: 18 hours


Training: 2026-06-05 15:31:23,687-Speed 157.33 samples/sec   Loss 1.8168  Expression Loss 1.5236      HeadPose Loss 0.2932      LearningRate 0.000001   Epoch: 1   Global Step: 639   Fp16 Grad Scale: 4194304   Required: 18 hours


Training: 2026-06-05 15:31:31,819-Speed 157.42 samples/sec   Loss 1.8281  Expression Loss 1.5096      HeadPose Loss 0.3185      LearningRate 0.000001   Epoch: 1   Global Step: 649   Fp16 Grad Scale: 4194304   Required: 18 hours


Training: 2026-06-05 15:31:39,926-Speed 157.89 samples/sec   Loss 1.8067  Expression Loss 1.5096      HeadPose Loss 0.2971      LearningRate 0.000001   Epoch: 1   Global Step: 659   Fp16 Grad Scale: 2097152   Required: 18 hours


Training: 2026-06-05 15:31:48,058-Speed 157.40 samples/sec   Loss 1.8573  Expression Loss 1.5466      HeadPose Loss 0.3107      LearningRate 0.000001   Epoch: 1   Global Step: 669   Fp16 Grad Scale: 2097152   Required: 18 hours


Training: 2026-06-05 15:31:56,182-Speed 157.57 samples/sec   Loss 1.7939  Expression Loss 1.4813      HeadPose Loss 0.3126      LearningRate 0.000001   Epoch: 1   Global Step: 679   Fp16 Grad Scale: 2097152   Required: 18 hours


Training: 2026-06-05 15:32:04,308-Speed 157.53 samples/sec   Loss 1.8062  Expression Loss 1.5164      HeadPose Loss 0.2898      LearningRate 0.000001   Epoch: 1   Global Step: 689   Fp16 Grad Scale: 2097152   Required: 18 hours


Training: 2026-06-05 15:32:12,457-Speed 157.08 samples/sec   Loss 1.8311  Expression Loss 1.5134      HeadPose Loss 0.3176      LearningRate 0.000001   Epoch: 1   Global Step: 699   Fp16 Grad Scale: 2097152   Required: 18 hours


Training: 2026-06-05 15:32:20,589-Speed 157.41 samples/sec   Loss 1.8147  Expression Loss 1.5297      HeadPose Loss 0.2851      LearningRate 0.000001   Epoch: 1   Global Step: 709   Fp16 Grad Scale: 2097152   Required: 18 hours


Training: 2026-06-05 15:32:28,694-Speed 157.92 samples/sec   Loss 1.8017  Expression Loss 1.4987      HeadPose Loss 0.3030      LearningRate 0.000001   Epoch: 1   Global Step: 719   Fp16 Grad Scale: 2097152   Required: 18 hours


Training: 2026-06-05 15:32:36,823-Speed 157.49 samples/sec   Loss 1.8353  Expression Loss 1.5349      HeadPose Loss 0.3004      LearningRate 0.000001   Epoch: 1   Global Step: 729   Fp16 Grad Scale: 2097152   Required: 18 hours


Training: 2026-06-05 15:32:44,947-Speed 157.56 samples/sec   Loss 1.8024  Expression Loss 1.5172      HeadPose Loss 0.2853      LearningRate 0.000001   Epoch: 1   Global Step: 739   Fp16 Grad Scale: 2097152   Required: 18 hours


Training: 2026-06-05 15:32:53,070-Speed 157.59 samples/sec   Loss 1.7452  Expression Loss 1.4516      HeadPose Loss 0.2936      LearningRate 0.000001   Epoch: 1   Global Step: 749   Fp16 Grad Scale: 2097152   Required: 18 hours


Training: 2026-06-05 15:33:01,190-Speed 157.64 samples/sec   Loss 1.7802  Expression Loss 1.4852      HeadPose Loss 0.2949      LearningRate 0.000001   Epoch: 1   Global Step: 759   Fp16 Grad Scale: 4194304   Required: 18 hours


Training: 2026-06-05 15:33:09,280-Speed 158.24 samples/sec   Loss 1.7600  Expression Loss 1.4841      HeadPose Loss 0.2759      LearningRate 0.000001   Epoch: 1   Global Step: 769   Fp16 Grad Scale: 2097152   Required: 18 hours


Training: 2026-06-05 15:33:17,381-Speed 158.01 samples/sec   Loss 1.7613  Expression Loss 1.4879      HeadPose Loss 0.2734      LearningRate 0.000001   Epoch: 1   Global Step: 779   Fp16 Grad Scale: 2097152   Required: 18 hours


Training: 2026-06-05 15:33:25,496-Speed 157.75 samples/sec   Loss 1.7128  Expression Loss 1.4366      HeadPose Loss 0.2762      LearningRate 0.000001   Epoch: 1   Global Step: 789   Fp16 Grad Scale: 2097152   Required: 18 hours


Training: 2026-06-05 15:33:33,599-Speed 157.97 samples/sec   Loss 1.8359  Expression Loss 1.5332      HeadPose Loss 0.3027      LearningRate 0.000001   Epoch: 1   Global Step: 799   Fp16 Grad Scale: 2097152   Required: 18 hours


Training: 2026-06-05 15:33:41,715-Speed 157.72 samples/sec   Loss 1.7925  Expression Loss 1.5078      HeadPose Loss 0.2847      LearningRate 0.000001   Epoch: 1   Global Step: 809   Fp16 Grad Scale: 2097152   Required: 18 hours


Training: 2026-06-05 15:33:49,836-Speed 157.62 samples/sec   Loss 1.8060  Expression Loss 1.5034      HeadPose Loss 0.3026      LearningRate 0.000001   Epoch: 1   Global Step: 819   Fp16 Grad Scale: 2097152   Required: 18 hours


Training: 2026-06-05 15:33:57,952-Speed 157.73 samples/sec   Loss 1.8332  Expression Loss 1.5420      HeadPose Loss 0.2912      LearningRate 0.000001   Epoch: 1   Global Step: 829   Fp16 Grad Scale: 2097152   Required: 18 hours


Training: 2026-06-05 15:34:06,074-Speed 157.60 samples/sec   Loss 1.7696  Expression Loss 1.5120      HeadPose Loss 0.2575      LearningRate 0.000001   Epoch: 1   Global Step: 839   Fp16 Grad Scale: 2097152   Required: 18 hours


Training: 2026-06-05 15:34:14,196-Speed 157.61 samples/sec   Loss 1.7808  Expression Loss 1.5084      HeadPose Loss 0.2724      LearningRate 0.000001   Epoch: 1   Global Step: 849   Fp16 Grad Scale: 2097152   Required: 18 hours


Training: 2026-06-05 15:34:22,313-Speed 157.71 samples/sec   Loss 1.8172  Expression Loss 1.5261      HeadPose Loss 0.2911      LearningRate 0.000001   Epoch: 1   Global Step: 859   Fp16 Grad Scale: 2097152   Required: 18 hours


Training: 2026-06-05 15:34:30,409-Speed 158.10 samples/sec   Loss 1.7882  Expression Loss 1.5075      HeadPose Loss 0.2807      LearningRate 0.000001   Epoch: 1   Global Step: 869   Fp16 Grad Scale: 2097152   Required: 18 hours


Training: 2026-06-05 15:34:38,524-Speed 157.75 samples/sec   Loss 1.7729  Expression Loss 1.4961      HeadPose Loss 0.2769      LearningRate 0.000001   Epoch: 1   Global Step: 879   Fp16 Grad Scale: 2097152   Required: 18 hours


Training: 2026-06-05 15:34:46,648-Speed 157.57 samples/sec   Loss 1.7599  Expression Loss 1.4836      HeadPose Loss 0.2762      LearningRate 0.000002   Epoch: 1   Global Step: 889   Fp16 Grad Scale: 2097152   Required: 18 hours


Training: 2026-06-05 15:34:54,771-Speed 157.58 samples/sec   Loss 1.7896  Expression Loss 1.4906      HeadPose Loss 0.2990      LearningRate 0.000002   Epoch: 1   Global Step: 899   Fp16 Grad Scale: 2097152   Required: 18 hours


Training: 2026-06-05 15:35:02,897-Speed 157.54 samples/sec   Loss 1.7422  Expression Loss 1.4572      HeadPose Loss 0.2850      LearningRate 0.000002   Epoch: 1   Global Step: 909   Fp16 Grad Scale: 2097152   Required: 18 hours


Training: 2026-06-05 15:35:11,153-Speed 155.04 samples/sec   Loss 1.7619  Expression Loss 1.4908      HeadPose Loss 0.2711      LearningRate 0.000002   Epoch: 1   Global Step: 919   Fp16 Grad Scale: 2097152   Required: 18 hours


Training: 2026-06-05 15:35:19,275-Speed 157.60 samples/sec   Loss 1.7566  Expression Loss 1.4878      HeadPose Loss 0.2688      LearningRate 0.000002   Epoch: 1   Global Step: 929   Fp16 Grad Scale: 2097152   Required: 18 hours


Training: 2026-06-05 15:35:27,394-Speed 157.66 samples/sec   Loss 1.8086  Expression Loss 1.5425      HeadPose Loss 0.2661      LearningRate 0.000002   Epoch: 1   Global Step: 939   Fp16 Grad Scale: 2097152   Required: 18 hours


Training: 2026-06-05 15:35:35,520-Speed 157.54 samples/sec   Loss 1.7546  Expression Loss 1.4817      HeadPose Loss 0.2728      LearningRate 0.000002   Epoch: 1   Global Step: 949   Fp16 Grad Scale: 2097152   Required: 18 hours


Training: 2026-06-05 15:35:43,642-Speed 157.60 samples/sec   Loss 1.8178  Expression Loss 1.5410      HeadPose Loss 0.2768      LearningRate 0.000002   Epoch: 1   Global Step: 959   Fp16 Grad Scale: 2097152   Required: 18 hours


Training: 2026-06-05 15:35:51,764-Speed 157.60 samples/sec   Loss 1.8105  Expression Loss 1.5115      HeadPose Loss 0.2990      LearningRate 0.000002   Epoch: 1   Global Step: 969   Fp16 Grad Scale: 4194304   Required: 18 hours


Training: 2026-06-05 15:35:59,893-Speed 157.46 samples/sec   Loss 1.7997  Expression Loss 1.5106      HeadPose Loss 0.2890      LearningRate 0.000002   Epoch: 1   Global Step: 979   Fp16 Grad Scale: 4194304   Required: 18 hours


Training: 2026-06-05 15:36:07,992-Speed 158.06 samples/sec   Loss 1.7964  Expression Loss 1.5363      HeadPose Loss 0.2601      LearningRate 0.000002   Epoch: 1   Global Step: 989   Fp16 Grad Scale: 2097152   Required: 18 hours


Training: 2026-06-05 15:36:16,116-Speed 157.57 samples/sec   Loss 1.8223  Expression Loss 1.5435      HeadPose Loss 0.2787      LearningRate 0.000002   Epoch: 1   Global Step: 999   Fp16 Grad Scale: 2097152   Required: 18 hours


Training: 2026-06-05 15:36:24,242-Speed 157.51 samples/sec   Loss 1.7497  Expression Loss 1.4878      HeadPose Loss 0.2618      LearningRate 0.000002   Epoch: 1   Global Step: 1009   Fp16 Grad Scale: 2097152   Required: 18 hours


Training: 2026-06-05 15:36:32,364-Speed 157.62 samples/sec   Loss 1.7471  Expression Loss 1.4891      HeadPose Loss 0.2580      LearningRate 0.000002   Epoch: 1   Global Step: 1019   Fp16 Grad Scale: 2097152   Required: 18 hours


Training: 2026-06-05 15:36:40,498-Speed 157.36 samples/sec   Loss 1.7275  Expression Loss 1.4588      HeadPose Loss 0.2687      LearningRate 0.000002   Epoch: 1   Global Step: 1029   Fp16 Grad Scale: 2097152   Required: 18 hours


Training: 2026-06-05 15:36:48,626-Speed 157.50 samples/sec   Loss 1.7471  Expression Loss 1.4808      HeadPose Loss 0.2663      LearningRate 0.000002   Epoch: 1   Global Step: 1039   Fp16 Grad Scale: 2097152   Required: 18 hours


Training: 2026-06-05 15:36:56,747-Speed 157.62 samples/sec   Loss 1.7591  Expression Loss 1.4923      HeadPose Loss 0.2668      LearningRate 0.000002   Epoch: 1   Global Step: 1049   Fp16 Grad Scale: 2097152   Required: 18 hours


Training: 2026-06-05 15:37:04,860-Speed 157.78 samples/sec   Loss 1.7470  Expression Loss 1.4601      HeadPose Loss 0.2869      LearningRate 0.000002   Epoch: 1   Global Step: 1059   Fp16 Grad Scale: 2097152   Required: 18 hours


Training: 2026-06-05 15:37:12,986-Speed 157.53 samples/sec   Loss 1.7105  Expression Loss 1.4301      HeadPose Loss 0.2804      LearningRate 0.000002   Epoch: 1   Global Step: 1069   Fp16 Grad Scale: 2097152   Required: 18 hours


Training: 2026-06-05 15:37:21,111-Speed 157.53 samples/sec   Loss 1.7198  Expression Loss 1.4535      HeadPose Loss 0.2663      LearningRate 0.000002   Epoch: 1   Global Step: 1079   Fp16 Grad Scale: 2097152   Required: 18 hours


Training: 2026-06-05 15:37:29,218-Speed 157.90 samples/sec   Loss 1.6641  Expression Loss 1.4071      HeadPose Loss 0.2570      LearningRate 0.000002   Epoch: 1   Global Step: 1089   Fp16 Grad Scale: 2097152   Required: 18 hours


Training: 2026-06-05 15:37:37,350-Speed 157.41 samples/sec   Loss 1.8432  Expression Loss 1.5685      HeadPose Loss 0.2747      LearningRate 0.000002   Epoch: 1   Global Step: 1099   Fp16 Grad Scale: 2097152   Required: 18 hours


/home/lslopes/.conda/envs/swin-det/lib/python3.7/site-packages/torchvision/transforms/functional.py:418: UserWarning: Argument 'interpolation' of type int is deprecated since 0.13 and will be removed in 0.15. Please use InterpolationMode enum.
  "Argument 'interpolation' of type int is deprecated since 0.13 and will be removed in 0.15. "
/home/lslopes/.conda/envs/swin-det/lib/python3.7/site-packages/torchvision/transforms/functional.py:418: UserWarning: Argument 'interpolation' of type int is deprecated since 0.13 and will be removed in 0.15. Please use InterpolationMode enum.
  "Argument 'interpolation' of type int is deprecated since 0.13 and will be removed in 0.15. "
Training: 2026-06-05 15:37:46,604-Speed 138.34 samples/sec   Loss 1.7303  Expression Loss 1.4571      HeadPose Loss 0.2731      LearningRate 0.000002   Epoch: 2   Global Step: 1109   Fp16 Grad Scale: 2097152   Required: 18 hours


Training: 2026-06-05 15:37:54,723-Speed 157.67 samples/sec   Loss 1.7720  Expression Loss 1.5164      HeadPose Loss 0.2555      LearningRate 0.000002   Epoch: 2   Global Step: 1119   Fp16 Grad Scale: 2097152   Required: 18 hours


Training: 2026-06-05 15:38:02,838-Speed 157.74 samples/sec   Loss 1.7342  Expression Loss 1.4624      HeadPose Loss 0.2718      LearningRate 0.000002   Epoch: 2   Global Step: 1129   Fp16 Grad Scale: 2097152   Required: 18 hours


Training: 2026-06-05 15:38:10,961-Speed 157.57 samples/sec   Loss 1.7598  Expression Loss 1.5029      HeadPose Loss 0.2569      LearningRate 0.000002   Epoch: 2   Global Step: 1139   Fp16 Grad Scale: 2097152   Required: 18 hours


Training: 2026-06-05 15:38:19,082-Speed 157.62 samples/sec   Loss 1.7589  Expression Loss 1.4966      HeadPose Loss 0.2623      LearningRate 0.000002   Epoch: 2   Global Step: 1149   Fp16 Grad Scale: 2097152   Required: 18 hours


Training: 2026-06-05 15:38:27,214-Speed 157.41 samples/sec   Loss 1.7229  Expression Loss 1.4790      HeadPose Loss 0.2439      LearningRate 0.000002   Epoch: 2   Global Step: 1159   Fp16 Grad Scale: 2097152   Required: 18 hours


Training: 2026-06-05 15:38:35,339-Speed 157.55 samples/sec   Loss 1.7083  Expression Loss 1.4406      HeadPose Loss 0.2677      LearningRate 0.000002   Epoch: 2   Global Step: 1169   Fp16 Grad Scale: 2097152   Required: 18 hours


Training: 2026-06-05 15:38:43,456-Speed 157.71 samples/sec   Loss 1.7310  Expression Loss 1.4611      HeadPose Loss 0.2699      LearningRate 0.000002   Epoch: 2   Global Step: 1179   Fp16 Grad Scale: 2097152   Required: 18 hours


Training: 2026-06-05 15:38:51,576-Speed 157.65 samples/sec   Loss 1.7123  Expression Loss 1.4452      HeadPose Loss 0.2671      LearningRate 0.000002   Epoch: 2   Global Step: 1189   Fp16 Grad Scale: 4194304   Required: 18 hours


Training: 2026-06-05 15:38:59,687-Speed 157.81 samples/sec   Loss 1.8019  Expression Loss 1.5439      HeadPose Loss 0.2580      LearningRate 0.000002   Epoch: 2   Global Step: 1199   Fp16 Grad Scale: 4194304   Required: 18 hours


Training: 2026-06-05 15:39:07,792-Speed 157.93 samples/sec   Loss 1.7247  Expression Loss 1.4600      HeadPose Loss 0.2646      LearningRate 0.000002   Epoch: 2   Global Step: 1209   Fp16 Grad Scale: 2097152   Required: 18 hours


Training: 2026-06-05 15:39:15,907-Speed 157.74 samples/sec   Loss 1.7578  Expression Loss 1.5061      HeadPose Loss 0.2517      LearningRate 0.000002   Epoch: 2   Global Step: 1219   Fp16 Grad Scale: 2097152   Required: 18 hours


Training: 2026-06-05 15:39:24,018-Speed 157.82 samples/sec   Loss 1.7494  Expression Loss 1.4964      HeadPose Loss 0.2530      LearningRate 0.000002   Epoch: 2   Global Step: 1229   Fp16 Grad Scale: 2097152   Required: 18 hours


Training: 2026-06-05 15:39:32,129-Speed 157.82 samples/sec   Loss 1.7032  Expression Loss 1.4377      HeadPose Loss 0.2655      LearningRate 0.000002   Epoch: 2   Global Step: 1239   Fp16 Grad Scale: 2097152   Required: 18 hours


Training: 2026-06-05 15:39:40,243-Speed 157.75 samples/sec   Loss 1.7427  Expression Loss 1.4828      HeadPose Loss 0.2598      LearningRate 0.000002   Epoch: 2   Global Step: 1249   Fp16 Grad Scale: 2097152   Required: 18 hours


Training: 2026-06-05 15:39:48,363-Speed 157.65 samples/sec   Loss 1.7527  Expression Loss 1.4909      HeadPose Loss 0.2618      LearningRate 0.000002   Epoch: 2   Global Step: 1259   Fp16 Grad Scale: 2097152   Required: 18 hours


Training: 2026-06-05 15:39:56,484-Speed 157.63 samples/sec   Loss 1.7780  Expression Loss 1.5303      HeadPose Loss 0.2476      LearningRate 0.000002   Epoch: 2   Global Step: 1269   Fp16 Grad Scale: 2097152   Required: 18 hours


Training: 2026-06-05 15:40:04,605-Speed 157.61 samples/sec   Loss 1.7123  Expression Loss 1.4586      HeadPose Loss 0.2536      LearningRate 0.000002   Epoch: 2   Global Step: 1279   Fp16 Grad Scale: 2097152   Required: 18 hours


Training: 2026-06-05 15:40:12,735-Speed 157.46 samples/sec   Loss 1.7198  Expression Loss 1.4635      HeadPose Loss 0.2563      LearningRate 0.000002   Epoch: 2   Global Step: 1289   Fp16 Grad Scale: 2097152   Required: 18 hours


Training: 2026-06-05 15:40:20,848-Speed 157.78 samples/sec   Loss 1.7387  Expression Loss 1.4861      HeadPose Loss 0.2526      LearningRate 0.000002   Epoch: 2   Global Step: 1299   Fp16 Grad Scale: 2097152   Required: 18 hours


Training: 2026-06-05 15:40:28,947-Speed 158.05 samples/sec   Loss 1.7823  Expression Loss 1.5196      HeadPose Loss 0.2627      LearningRate 0.000002   Epoch: 2   Global Step: 1309   Fp16 Grad Scale: 2097152   Required: 18 hours


Training: 2026-06-05 15:40:37,064-Speed 157.71 samples/sec   Loss 1.6567  Expression Loss 1.4005      HeadPose Loss 0.2562      LearningRate 0.000002   Epoch: 2   Global Step: 1319   Fp16 Grad Scale: 2097152   Required: 18 hours


Training: 2026-06-05 15:40:45,179-Speed 157.73 samples/sec   Loss 1.7295  Expression Loss 1.4785      HeadPose Loss 0.2510      LearningRate 0.000002   Epoch: 2   Global Step: 1329   Fp16 Grad Scale: 2097152   Required: 18 hours


Training: 2026-06-05 15:40:53,298-Speed 157.67 samples/sec   Loss 1.6916  Expression Loss 1.4245      HeadPose Loss 0.2672      LearningRate 0.000002   Epoch: 2   Global Step: 1339   Fp16 Grad Scale: 2097152   Required: 18 hours


Training: 2026-06-05 15:41:01,414-Speed 157.73 samples/sec   Loss 1.7460  Expression Loss 1.4755      HeadPose Loss 0.2705      LearningRate 0.000002   Epoch: 2   Global Step: 1349   Fp16 Grad Scale: 2097152   Required: 18 hours


Training: 2026-06-05 15:41:09,525-Speed 157.80 samples/sec   Loss 1.6922  Expression Loss 1.4150      HeadPose Loss 0.2773      LearningRate 0.000002   Epoch: 2   Global Step: 1359   Fp16 Grad Scale: 2097152   Required: 18 hours


Training: 2026-06-05 15:41:17,643-Speed 157.68 samples/sec   Loss 1.6829  Expression Loss 1.4350      HeadPose Loss 0.2479      LearningRate 0.000002   Epoch: 2   Global Step: 1369   Fp16 Grad Scale: 2097152   Required: 18 hours


Training: 2026-06-05 15:41:25,770-Speed 157.51 samples/sec   Loss 1.7641  Expression Loss 1.5262      HeadPose Loss 0.2379      LearningRate 0.000002   Epoch: 2   Global Step: 1379   Fp16 Grad Scale: 2097152   Required: 18 hours


Training: 2026-06-05 15:41:33,899-Speed 157.47 samples/sec   Loss 1.6861  Expression Loss 1.4229      HeadPose Loss 0.2632      LearningRate 0.000002   Epoch: 2   Global Step: 1389   Fp16 Grad Scale: 2097152   Required: 18 hours


Training: 2026-06-05 15:41:42,016-Speed 157.70 samples/sec   Loss 1.7238  Expression Loss 1.4588      HeadPose Loss 0.2650      LearningRate 0.000002   Epoch: 2   Global Step: 1399   Fp16 Grad Scale: 2097152   Required: 18 hours


Training: 2026-06-05 15:41:50,139-Speed 157.58 samples/sec   Loss 1.7523  Expression Loss 1.4649      HeadPose Loss 0.2874      LearningRate 0.000002   Epoch: 2   Global Step: 1409   Fp16 Grad Scale: 4194304   Required: 18 hours


Training: 2026-06-05 15:41:58,243-Speed 157.96 samples/sec   Loss 1.6649  Expression Loss 1.4166      HeadPose Loss 0.2483      LearningRate 0.000002   Epoch: 2   Global Step: 1419   Fp16 Grad Scale: 2097152   Required: 18 hours


Training: 2026-06-05 15:42:06,358-Speed 157.73 samples/sec   Loss 1.7856  Expression Loss 1.5296      HeadPose Loss 0.2561      LearningRate 0.000002   Epoch: 2   Global Step: 1429   Fp16 Grad Scale: 2097152   Required: 18 hours


Training: 2026-06-05 15:42:14,465-Speed 157.90 samples/sec   Loss 1.7398  Expression Loss 1.4737      HeadPose Loss 0.2661      LearningRate 0.000002   Epoch: 2   Global Step: 1439   Fp16 Grad Scale: 2097152   Required: 18 hours


Training: 2026-06-05 15:42:22,575-Speed 157.84 samples/sec   Loss 1.7034  Expression Loss 1.4381      HeadPose Loss 0.2653      LearningRate 0.000002   Epoch: 2   Global Step: 1449   Fp16 Grad Scale: 2097152   Required: 18 hours


Training: 2026-06-05 15:42:30,695-Speed 157.64 samples/sec   Loss 1.7335  Expression Loss 1.4899      HeadPose Loss 0.2437      LearningRate 0.000002   Epoch: 2   Global Step: 1459   Fp16 Grad Scale: 2097152   Required: 18 hours


Training: 2026-06-05 15:42:38,854-Speed 156.89 samples/sec   Loss 1.7354  Expression Loss 1.4754      HeadPose Loss 0.2600      LearningRate 0.000002   Epoch: 2   Global Step: 1469   Fp16 Grad Scale: 2097152   Required: 18 hours


Training: 2026-06-05 15:42:47,070-Speed 155.80 samples/sec   Loss 1.8188  Expression Loss 1.5641      HeadPose Loss 0.2548      LearningRate 0.000002   Epoch: 2   Global Step: 1479   Fp16 Grad Scale: 2097152   Required: 18 hours


Training: 2026-06-05 15:42:55,191-Speed 157.62 samples/sec   Loss 1.7622  Expression Loss 1.5251      HeadPose Loss 0.2371      LearningRate 0.000002   Epoch: 2   Global Step: 1489   Fp16 Grad Scale: 2097152   Required: 18 hours


Training: 2026-06-05 15:43:03,307-Speed 157.72 samples/sec   Loss 1.7112  Expression Loss 1.4607      HeadPose Loss 0.2505      LearningRate 0.000002   Epoch: 2   Global Step: 1499   Fp16 Grad Scale: 2097152   Required: 18 hours


Training: 2026-06-05 15:43:11,415-Speed 157.87 samples/sec   Loss 1.6728  Expression Loss 1.4298      HeadPose Loss 0.2430      LearningRate 0.000002   Epoch: 2   Global Step: 1509   Fp16 Grad Scale: 2097152   Required: 18 hours


Training: 2026-06-05 15:43:19,526-Speed 157.83 samples/sec   Loss 1.7041  Expression Loss 1.4532      HeadPose Loss 0.2509      LearningRate 0.000002   Epoch: 2   Global Step: 1519   Fp16 Grad Scale: 4194304   Required: 18 hours


Training: 2026-06-05 15:43:27,635-Speed 157.86 samples/sec   Loss 1.7402  Expression Loss 1.4807      HeadPose Loss 0.2595      LearningRate 0.000002   Epoch: 2   Global Step: 1529   Fp16 Grad Scale: 2097152   Required: 18 hours


Training: 2026-06-05 15:43:35,755-Speed 157.64 samples/sec   Loss 1.6198  Expression Loss 1.3972      HeadPose Loss 0.2227      LearningRate 0.000003   Epoch: 2   Global Step: 1539   Fp16 Grad Scale: 2097152   Required: 18 hours


Training: 2026-06-05 15:43:43,875-Speed 157.65 samples/sec   Loss 1.7046  Expression Loss 1.4647      HeadPose Loss 0.2399      LearningRate 0.000003   Epoch: 2   Global Step: 1549   Fp16 Grad Scale: 2097152   Required: 18 hours


Training: 2026-06-05 15:43:51,989-Speed 157.75 samples/sec   Loss 1.6884  Expression Loss 1.4194      HeadPose Loss 0.2691      LearningRate 0.000003   Epoch: 2   Global Step: 1559   Fp16 Grad Scale: 2097152   Required: 18 hours


Training: 2026-06-05 15:44:00,107-Speed 157.69 samples/sec   Loss 1.6389  Expression Loss 1.4059      HeadPose Loss 0.2330      LearningRate 0.000003   Epoch: 2   Global Step: 1569   Fp16 Grad Scale: 2097152   Required: 18 hours


Training: 2026-06-05 15:44:08,225-Speed 157.68 samples/sec   Loss 1.6793  Expression Loss 1.4356      HeadPose Loss 0.2437      LearningRate 0.000003   Epoch: 2   Global Step: 1579   Fp16 Grad Scale: 2097152   Required: 18 hours


Training: 2026-06-05 15:44:16,346-Speed 157.62 samples/sec   Loss 1.7268  Expression Loss 1.4931      HeadPose Loss 0.2337      LearningRate 0.000003   Epoch: 2   Global Step: 1589   Fp16 Grad Scale: 2097152   Required: 18 hours


Training: 2026-06-05 15:44:24,461-Speed 157.76 samples/sec   Loss 1.6968  Expression Loss 1.4437      HeadPose Loss 0.2531      LearningRate 0.000003   Epoch: 2   Global Step: 1599   Fp16 Grad Scale: 2097152   Required: 18 hours


Training: 2026-06-05 15:44:32,587-Speed 157.53 samples/sec   Loss 1.6794  Expression Loss 1.4264      HeadPose Loss 0.2530      LearningRate 0.000003   Epoch: 2   Global Step: 1609   Fp16 Grad Scale: 2097152   Required: 18 hours


Training: 2026-06-05 15:44:40,706-Speed 157.65 samples/sec   Loss 1.7056  Expression Loss 1.4523      HeadPose Loss 0.2534      LearningRate 0.000003   Epoch: 2   Global Step: 1619   Fp16 Grad Scale: 2097152   Required: 18 hours


Training: 2026-06-05 15:44:48,819-Speed 157.78 samples/sec   Loss 1.7109  Expression Loss 1.4535      HeadPose Loss 0.2574      LearningRate 0.000003   Epoch: 2   Global Step: 1629   Fp16 Grad Scale: 2097152   Required: 18 hours


Training: 2026-06-05 15:44:56,944-Speed 157.55 samples/sec   Loss 1.6665  Expression Loss 1.4054      HeadPose Loss 0.2611      LearningRate 0.000003   Epoch: 2   Global Step: 1639   Fp16 Grad Scale: 2097152   Required: 18 hours


Training: 2026-06-05 15:45:05,064-Speed 157.64 samples/sec   Loss 1.7296  Expression Loss 1.4797      HeadPose Loss 0.2499      LearningRate 0.000003   Epoch: 2   Global Step: 1649   Fp16 Grad Scale: 2097152   Required: 18 hours


/home/lslopes/.conda/envs/swin-det/lib/python3.7/site-packages/torchvision/transforms/functional.py:418: UserWarning: Argument 'interpolation' of type int is deprecated since 0.13 and will be removed in 0.15. Please use InterpolationMode enum.
  "Argument 'interpolation' of type int is deprecated since 0.13 and will be removed in 0.15. "
/home/lslopes/.conda/envs/swin-det/lib/python3.7/site-packages/torchvision/transforms/functional.py:418: UserWarning: Argument 'interpolation' of type int is deprecated since 0.13 and will be removed in 0.15. Please use InterpolationMode enum.
  "Argument 'interpolation' of type int is deprecated since 0.13 and will be removed in 0.15. "
Training: 2026-06-05 15:45:14,127-Speed 141.25 samples/sec   Loss 1.7497  Expression Loss 1.4900      HeadPose Loss 0.2597      LearningRate 0.000003   Epoch: 3   Global Step: 1659   Fp16 Grad Scale: 2097152   Required: 18 hours


Training: 2026-06-05 15:45:22,239-Speed 157.80 samples/sec   Loss 1.7390  Expression Loss 1.4669      HeadPose Loss 0.2721      LearningRate 0.000003   Epoch: 3   Global Step: 1669   Fp16 Grad Scale: 2097152   Required: 18 hours


Training: 2026-06-05 15:45:30,347-Speed 157.88 samples/sec   Loss 1.6452  Expression Loss 1.4125      HeadPose Loss 0.2327      LearningRate 0.000003   Epoch: 3   Global Step: 1679   Fp16 Grad Scale: 2097152   Required: 18 hours


Training: 2026-06-05 15:45:38,451-Speed 157.96 samples/sec   Loss 1.6572  Expression Loss 1.4041      HeadPose Loss 0.2530      LearningRate 0.000003   Epoch: 3   Global Step: 1689   Fp16 Grad Scale: 2097152   Required: 18 hours


Training: 2026-06-05 15:45:46,570-Speed 157.66 samples/sec   Loss 1.6808  Expression Loss 1.4148      HeadPose Loss 0.2661      LearningRate 0.000003   Epoch: 3   Global Step: 1699   Fp16 Grad Scale: 2097152   Required: 18 hours


Training: 2026-06-05 15:45:54,674-Speed 157.96 samples/sec   Loss 1.6703  Expression Loss 1.4150      HeadPose Loss 0.2553      LearningRate 0.000003   Epoch: 3   Global Step: 1709   Fp16 Grad Scale: 2097152   Required: 18 hours


Training: 2026-06-05 15:46:02,786-Speed 157.79 samples/sec   Loss 1.7145  Expression Loss 1.4767      HeadPose Loss 0.2378      LearningRate 0.000003   Epoch: 3   Global Step: 1719   Fp16 Grad Scale: 2097152   Required: 18 hours


Training: 2026-06-05 15:46:10,908-Speed 157.60 samples/sec   Loss 1.7354  Expression Loss 1.5009      HeadPose Loss 0.2344      LearningRate 0.000003   Epoch: 3   Global Step: 1729   Fp16 Grad Scale: 4194304   Required: 18 hours


Training: 2026-06-05 15:46:19,014-Speed 157.93 samples/sec   Loss 1.6940  Expression Loss 1.4457      HeadPose Loss 0.2483      LearningRate 0.000003   Epoch: 3   Global Step: 1739   Fp16 Grad Scale: 2097152   Required: 18 hours


Training: 2026-06-05 15:46:27,131-Speed 157.70 samples/sec   Loss 1.6718  Expression Loss 1.4367      HeadPose Loss 0.2351      LearningRate 0.000003   Epoch: 3   Global Step: 1749   Fp16 Grad Scale: 2097152   Required: 18 hours


Training: 2026-06-05 15:46:35,243-Speed 157.80 samples/sec   Loss 1.6636  Expression Loss 1.4397      HeadPose Loss 0.2239      LearningRate 0.000003   Epoch: 3   Global Step: 1759   Fp16 Grad Scale: 2097152   Required: 18 hours


Training: 2026-06-05 15:46:43,354-Speed 157.82 samples/sec   Loss 1.7033  Expression Loss 1.4397      HeadPose Loss 0.2635      LearningRate 0.000003   Epoch: 3   Global Step: 1769   Fp16 Grad Scale: 2097152   Required: 18 hours


Training: 2026-06-05 15:46:51,480-Speed 157.53 samples/sec   Loss 1.7582  Expression Loss 1.5169      HeadPose Loss 0.2413      LearningRate 0.000003   Epoch: 3   Global Step: 1779   Fp16 Grad Scale: 2097152   Required: 18 hours


Training: 2026-06-05 15:46:59,586-Speed 157.90 samples/sec   Loss 1.6453  Expression Loss 1.3883      HeadPose Loss 0.2570      LearningRate 0.000003   Epoch: 3   Global Step: 1789   Fp16 Grad Scale: 2097152   Required: 18 hours


Training: 2026-06-05 15:47:07,697-Speed 157.82 samples/sec   Loss 1.6937  Expression Loss 1.4400      HeadPose Loss 0.2537      LearningRate 0.000003   Epoch: 3   Global Step: 1799   Fp16 Grad Scale: 2097152   Required: 18 hours


Training: 2026-06-05 15:47:15,805-Speed 157.88 samples/sec   Loss 1.7161  Expression Loss 1.4602      HeadPose Loss 0.2560      LearningRate 0.000003   Epoch: 3   Global Step: 1809   Fp16 Grad Scale: 2097152   Required: 18 hours


Training: 2026-06-05 15:47:23,918-Speed 157.78 samples/sec   Loss 1.6288  Expression Loss 1.3781      HeadPose Loss 0.2507      LearningRate 0.000003   Epoch: 3   Global Step: 1819   Fp16 Grad Scale: 2097152   Required: 18 hours


Training: 2026-06-05 15:47:32,022-Speed 157.95 samples/sec   Loss 1.6672  Expression Loss 1.4292      HeadPose Loss 0.2380      LearningRate 0.000003   Epoch: 3   Global Step: 1829   Fp16 Grad Scale: 2097152   Required: 18 hours


Training: 2026-06-05 15:47:40,119-Speed 158.10 samples/sec   Loss 1.6511  Expression Loss 1.4239      HeadPose Loss 0.2272      LearningRate 0.000003   Epoch: 3   Global Step: 1839   Fp16 Grad Scale: 2097152   Required: 18 hours


Training: 2026-06-05 15:47:48,230-Speed 157.81 samples/sec   Loss 1.7298  Expression Loss 1.4915      HeadPose Loss 0.2383      LearningRate 0.000003   Epoch: 3   Global Step: 1849   Fp16 Grad Scale: 2097152   Required: 18 hours


Training: 2026-06-05 15:47:56,340-Speed 157.85 samples/sec   Loss 1.7175  Expression Loss 1.4691      HeadPose Loss 0.2484      LearningRate 0.000003   Epoch: 3   Global Step: 1859   Fp16 Grad Scale: 2097152   Required: 18 hours


Training: 2026-06-05 15:48:04,450-Speed 157.83 samples/sec   Loss 1.6073  Expression Loss 1.3803      HeadPose Loss 0.2270      LearningRate 0.000003   Epoch: 3   Global Step: 1869   Fp16 Grad Scale: 2097152   Required: 18 hours


Training: 2026-06-05 15:48:12,555-Speed 157.94 samples/sec   Loss 1.6349  Expression Loss 1.4080      HeadPose Loss 0.2269      LearningRate 0.000003   Epoch: 3   Global Step: 1879   Fp16 Grad Scale: 2097152   Required: 18 hours


Training: 2026-06-05 15:48:20,666-Speed 157.81 samples/sec   Loss 1.6668  Expression Loss 1.4439      HeadPose Loss 0.2230      LearningRate 0.000003   Epoch: 3   Global Step: 1889   Fp16 Grad Scale: 2097152   Required: 18 hours


Training: 2026-06-05 15:48:28,775-Speed 157.87 samples/sec   Loss 1.7491  Expression Loss 1.4837      HeadPose Loss 0.2654      LearningRate 0.000003   Epoch: 3   Global Step: 1899   Fp16 Grad Scale: 2097152   Required: 18 hours


Training: 2026-06-05 15:48:36,901-Speed 157.52 samples/sec   Loss 1.6944  Expression Loss 1.4612      HeadPose Loss 0.2333      LearningRate 0.000003   Epoch: 3   Global Step: 1909   Fp16 Grad Scale: 2097152   Required: 18 hours


Training: 2026-06-05 15:48:45,015-Speed 157.77 samples/sec   Loss 1.6964  Expression Loss 1.4501      HeadPose Loss 0.2463      LearningRate 0.000003   Epoch: 3   Global Step: 1919   Fp16 Grad Scale: 2097152   Required: 18 hours


Training: 2026-06-05 15:48:53,123-Speed 157.87 samples/sec   Loss 1.6417  Expression Loss 1.4039      HeadPose Loss 0.2378      LearningRate 0.000003   Epoch: 3   Global Step: 1929   Fp16 Grad Scale: 2097152   Required: 18 hours


Training: 2026-06-05 15:49:01,215-Speed 158.18 samples/sec   Loss 1.7072  Expression Loss 1.4581      HeadPose Loss 0.2492      LearningRate 0.000003   Epoch: 3   Global Step: 1939   Fp16 Grad Scale: 2097152   Required: 18 hours


Training: 2026-06-05 15:49:09,327-Speed 157.80 samples/sec   Loss 1.6854  Expression Loss 1.4406      HeadPose Loss 0.2449      LearningRate 0.000003   Epoch: 3   Global Step: 1949   Fp16 Grad Scale: 2097152   Required: 18 hours


Training: 2026-06-05 15:49:17,431-Speed 157.95 samples/sec   Loss 1.6317  Expression Loss 1.3768      HeadPose Loss 0.2549      LearningRate 0.000003   Epoch: 3   Global Step: 1959   Fp16 Grad Scale: 2097152   Required: 18 hours


Training: 2026-06-05 15:49:25,530-Speed 158.06 samples/sec   Loss 1.6463  Expression Loss 1.3972      HeadPose Loss 0.2491      LearningRate 0.000003   Epoch: 3   Global Step: 1969   Fp16 Grad Scale: 2097152   Required: 18 hours


Training: 2026-06-05 15:49:33,654-Speed 157.57 samples/sec   Loss 1.7110  Expression Loss 1.4866      HeadPose Loss 0.2244      LearningRate 0.000003   Epoch: 3   Global Step: 1979   Fp16 Grad Scale: 2097152   Required: 18 hours


Training: 2026-06-05 15:49:41,770-Speed 157.73 samples/sec   Loss 1.7666  Expression Loss 1.5237      HeadPose Loss 0.2429      LearningRate 0.000003   Epoch: 3   Global Step: 1989   Fp16 Grad Scale: 2097152   Required: 18 hours


Training: 2026-06-05 15:49:49,889-Speed 157.65 samples/sec   Loss 1.6486  Expression Loss 1.4200      HeadPose Loss 0.2286      LearningRate 0.000003   Epoch: 3   Global Step: 1999   Fp16 Grad Scale: 2097152   Required: 18 hours


Training: 2026-06-05 15:49:49,890-Val on RAF:
Training: 2026-06-05 15:49:50,289-Test: [0/103]	Time 0.399 (0.399)	Loss 2.5059 (2.5059)	Acc@1 10.938 (10.938)	Acc@3 40.625 (40.625)	Mem 10201MB
Training: 2026-06-05 15:49:51,631-Test: [10/103]	Time 0.134 (0.158)	Loss 2.3558 (2.4732)	Acc@1 10.938 (10.085)	Acc@3 43.750 (39.347)	Mem 10201MB
Training: 2026-06-05 15:49:52,974-Test: [20/103]	Time 0.134 (0.147)	Loss 2.6311 (2.4803)	Acc@1 7.812 (10.714)	Acc@3 37.500 (37.649)	Mem 10201MB
Training: 2026-06-05 15:49:54,317-Test: [30/103]	Time 0.134 (0.143)	Loss 2.4035 (2.4862)	Acc@1 12.500 (10.333)	Acc@3 39.062 (37.147)	Mem 10201MB
Training: 2026-06-05 15:49:55,660-Test: [40/103]	Time 0.134 (0.141)	Loss 2.4742 (2.5051)	Acc@1 14.062 (10.404)	Acc@3 37.500 (36.700)	Mem 10201MB
Training: 2026-06-05 15:49:57,002-Test: [50/103]	Time 0.134 (0.139)	Loss 2.5726 (2.4966)	Acc@1 7.812 (10.784)	Acc@3 28.125 (37.286)	Mem 10201MB
Training: 2026-06-05 15:49:58,345-Test: [60/103]	Time 0.134 (0.139)	Loss 2.3134 (2.5004)	Acc@1 9.375 (10.348)	Acc@3 39.062 (37.193)	Mem 10201MB
Training: 2026-06-05 15:49:59,688-Test: [70/103]	Time 0.134 (0.138)	Loss 2.5102 (2.5070)	Acc@1 9.375 (10.233)	Acc@3 37.500 (37.038)	Mem 10201MB
Training: 2026-06-05 15:50:01,031-Test: [80/103]	Time 0.134 (0.138)	Loss 2.7091 (2.5055)	Acc@1 6.250 (10.262)	Acc@3 34.375 (37.269)	Mem 10201MB
Training: 2026-06-05 15:50:02,374-Test: [90/103]	Time 0.134 (0.137)	Loss 2.3137 (2.5087)	Acc@1 18.750 (10.405)	Acc@3 43.750 (37.311)	Mem 10201MB
Training: 2026-06-05 15:50:03,718-Test: [100/103]	Time 0.135 (0.137)	Loss 2.4559 (2.5069)	Acc@1 10.938 (10.257)	Acc@3 46.875 (37.469)	Mem 10201MB
Training: 2026-06-05 15:50:03,999-[1999]Expression Loss: 2.50775
Training: 2026-06-05 15:50:04,000-[1999]Expression Acc@1: 10.20097
Training: 2026-06-05 15:50:04,000-[1999]Expression Acc@1-Highest: 10.20097
Training: 2026-06-05 15:50:04,000-[1999]Expression Acc@3: 37.43910
Training: 2026-06-05 15:50:04,000-[1999]Expression Acc@3-Highest: 37.43910
Training: 2026-06-05 15:50:04,000-[1999]10 Times Expression Acc@1: 10.20097
Training: 2026-06-05 15:50:04,000-[1999]10 Times Expression Acc@1-Highest: 10.20097
Training: 2026-06-05 15:50:04,002-Val on AFLW:
Training: 2026-06-05 15:50:05,395-Test: [0/69]	Time 1.392 (1.392)	Landmark MAE 0.631 (0.631)	Pose MAE 0.217 (0.217)	Mem 10201MB
Training: 2026-06-05 15:50:14,541-Test: [10/69]	Time 0.845 (0.958)	Landmark MAE 0.599 (0.611)	Pose MAE 0.201 (0.228)	Mem 10201MB
Training: 2026-06-05 15:50:24,628-Test: [20/69]	Time 0.929 (0.982)	Landmark MAE 0.603 (0.608)	Pose MAE 0.242 (0.222)	Mem 10201MB
Training: 2026-06-05 15:50:35,991-Test: [30/69]	Time 1.258 (1.032)	Landmark MAE 0.603 (0.608)	Pose MAE 0.245 (0.220)	Mem 10201MB
Training: 2026-06-05 15:50:46,126-Test: [40/69]	Time 1.055 (1.027)	Landmark MAE 0.613 (0.608)	Pose MAE 0.177 (0.221)	Mem 10201MB
Training: 2026-06-05 15:50:56,166-Test: [50/69]	Time 0.963 (1.023)	Landmark MAE 0.595 (0.608)	Pose MAE 0.193 (0.221)	Mem 10201MB
Training: 2026-06-05 15:51:06,510-Test: [60/69]	Time 1.374 (1.025)	Landmark MAE 0.608 (0.608)	Pose MAE 0.210 (0.222)	Mem 10201MB
Training: 2026-06-05 15:51:15,318-[1999]Landmark MAE: 0.60751
Training: 2026-06-05 15:51:15,319-[1999]Landmark MAE-Best: 0.60751
Training: 2026-06-05 15:51:15,319-[1999]Pose MAE: 0.22176
Training: 2026-06-05 15:51:15,319-[1999]Pose MAE-Best: 0.22176
Training: 2026-06-05 15:51:15,319-[1999]10 Times Avg MAE: 0.41463
Training: 2026-06-05 15:51:15,319-[1999]10 Times Avg MAE-Best: 0.41463
Training: 2026-06-05 15:51:23,419-Speed 13.69 samples/sec   Loss 1.6781  Expression Loss 1.4500      HeadPose Loss 0.2281      LearningRate 0.000003   Epoch: 3   Global Step: 2009   Fp16 Grad Scale: 2097152   Required: 19 hours


Training: 2026-06-05 15:51:31,499-Speed 158.42 samples/sec   Loss 1.7284  Expression Loss 1.4578      HeadPose Loss 0.2706      LearningRate 0.000003   Epoch: 3   Global Step: 2019   Fp16 Grad Scale: 2097152   Required: 19 hours


Training: 2026-06-05 15:51:39,582-Speed 158.35 samples/sec   Loss 1.6734  Expression Loss 1.4278      HeadPose Loss 0.2456      LearningRate 0.000003   Epoch: 3   Global Step: 2029   Fp16 Grad Scale: 2097152   Required: 19 hours


Training: 2026-06-05 15:51:47,639-Speed 158.88 samples/sec   Loss 1.6632  Expression Loss 1.4265      HeadPose Loss 0.2367      LearningRate 0.000003   Epoch: 3   Global Step: 2039   Fp16 Grad Scale: 2097152   Required: 19 hours


Training: 2026-06-05 15:51:55,719-Speed 158.44 samples/sec   Loss 1.6869  Expression Loss 1.4478      HeadPose Loss 0.2391      LearningRate 0.000003   Epoch: 3   Global Step: 2049   Fp16 Grad Scale: 2097152   Required: 19 hours


Training: 2026-06-05 15:52:03,810-Speed 158.20 samples/sec   Loss 1.6417  Expression Loss 1.3802      HeadPose Loss 0.2615      LearningRate 0.000003   Epoch: 3   Global Step: 2059   Fp16 Grad Scale: 2097152   Required: 19 hours


Training: 2026-06-05 15:52:11,897-Speed 158.29 samples/sec   Loss 1.6892  Expression Loss 1.4755      HeadPose Loss 0.2137      LearningRate 0.000003   Epoch: 3   Global Step: 2069   Fp16 Grad Scale: 2097152   Required: 19 hours


Training: 2026-06-05 15:52:20,010-Speed 157.78 samples/sec   Loss 1.6275  Expression Loss 1.3874      HeadPose Loss 0.2401      LearningRate 0.000003   Epoch: 3   Global Step: 2079   Fp16 Grad Scale: 2097152   Required: 19 hours


Training: 2026-06-05 15:52:28,138-Speed 157.49 samples/sec   Loss 1.7358  Expression Loss 1.4793      HeadPose Loss 0.2565      LearningRate 0.000003   Epoch: 3   Global Step: 2089   Fp16 Grad Scale: 2097152   Required: 18 hours


Training: 2026-06-05 15:52:36,255-Speed 157.70 samples/sec   Loss 1.6858  Expression Loss 1.4403      HeadPose Loss 0.2455      LearningRate 0.000003   Epoch: 3   Global Step: 2099   Fp16 Grad Scale: 2097152   Required: 18 hours


Training: 2026-06-05 15:52:44,374-Speed 157.67 samples/sec   Loss 1.6445  Expression Loss 1.4007      HeadPose Loss 0.2439      LearningRate 0.000003   Epoch: 3   Global Step: 2109   Fp16 Grad Scale: 2097152   Required: 18 hours


Training: 2026-06-05 15:52:52,496-Speed 157.60 samples/sec   Loss 1.7168  Expression Loss 1.4682      HeadPose Loss 0.2486      LearningRate 0.000003   Epoch: 3   Global Step: 2119   Fp16 Grad Scale: 2097152   Required: 18 hours


Training: 2026-06-05 15:53:00,616-Speed 157.64 samples/sec   Loss 1.6474  Expression Loss 1.4104      HeadPose Loss 0.2370      LearningRate 0.000003   Epoch: 3   Global Step: 2129   Fp16 Grad Scale: 2097152   Required: 18 hours


Training: 2026-06-05 15:53:08,724-Speed 157.88 samples/sec   Loss 1.6438  Expression Loss 1.4171      HeadPose Loss 0.2267      LearningRate 0.000003   Epoch: 3   Global Step: 2139   Fp16 Grad Scale: 2097152   Required: 18 hours


Training: 2026-06-05 15:53:16,848-Speed 157.57 samples/sec   Loss 1.6746  Expression Loss 1.4262      HeadPose Loss 0.2484      LearningRate 0.000003   Epoch: 3   Global Step: 2149   Fp16 Grad Scale: 2097152   Required: 18 hours


Training: 2026-06-05 15:53:24,979-Speed 157.44 samples/sec   Loss 1.6008  Expression Loss 1.3727      HeadPose Loss 0.2281      LearningRate 0.000003   Epoch: 3   Global Step: 2159   Fp16 Grad Scale: 2097152   Required: 18 hours


Training: 2026-06-05 15:53:33,110-Speed 157.43 samples/sec   Loss 1.6621  Expression Loss 1.3970      HeadPose Loss 0.2652      LearningRate 0.000003   Epoch: 3   Global Step: 2169   Fp16 Grad Scale: 2097152   Required: 18 hours


Training: 2026-06-05 15:53:41,276-Speed 156.76 samples/sec   Loss 1.6851  Expression Loss 1.4336      HeadPose Loss 0.2515      LearningRate 0.000003   Epoch: 3   Global Step: 2179   Fp16 Grad Scale: 2097152   Required: 18 hours


Training: 2026-06-05 15:53:49,399-Speed 157.57 samples/sec   Loss 1.6171  Expression Loss 1.3989      HeadPose Loss 0.2182      LearningRate 0.000004   Epoch: 3   Global Step: 2189   Fp16 Grad Scale: 2097152   Required: 18 hours


Training: 2026-06-05 15:53:57,514-Speed 157.75 samples/sec   Loss 1.6902  Expression Loss 1.4408      HeadPose Loss 0.2493      LearningRate 0.000004   Epoch: 3   Global Step: 2199   Fp16 Grad Scale: 2097152   Required: 18 hours


/home/lslopes/.conda/envs/swin-det/lib/python3.7/site-packages/torchvision/transforms/functional.py:418: UserWarning: Argument 'interpolation' of type int is deprecated since 0.13 and will be removed in 0.15. Please use InterpolationMode enum.
  "Argument 'interpolation' of type int is deprecated since 0.13 and will be removed in 0.15. "
/home/lslopes/.conda/envs/swin-det/lib/python3.7/site-packages/torchvision/transforms/functional.py:418: UserWarning: Argument 'interpolation' of type int is deprecated since 0.13 and will be removed in 0.15. Please use InterpolationMode enum.
  "Argument 'interpolation' of type int is deprecated since 0.13 and will be removed in 0.15. "
Training: 2026-06-05 15:54:06,906-Speed 136.29 samples/sec   Loss 1.6755  Expression Loss 1.4360      HeadPose Loss 0.2395      LearningRate 0.000004   Epoch: 4   Global Step: 2209   Fp16 Grad Scale: 2097152   Required: 18 hours


Training: 2026-06-05 15:54:15,027-Speed 157.62 samples/sec   Loss 1.6942  Expression Loss 1.4644      HeadPose Loss 0.2299      LearningRate 0.000004   Epoch: 4   Global Step: 2219   Fp16 Grad Scale: 2097152   Required: 18 hours


Training: 2026-06-05 15:54:23,151-Speed 157.57 samples/sec   Loss 1.6782  Expression Loss 1.4462      HeadPose Loss 0.2320      LearningRate 0.000004   Epoch: 4   Global Step: 2229   Fp16 Grad Scale: 2097152   Required: 18 hours


Training: 2026-06-05 15:54:31,256-Speed 157.92 samples/sec   Loss 1.6653  Expression Loss 1.4246      HeadPose Loss 0.2406      LearningRate 0.000004   Epoch: 4   Global Step: 2239   Fp16 Grad Scale: 2097152   Required: 18 hours


Training: 2026-06-05 15:54:39,379-Speed 157.60 samples/sec   Loss 1.6905  Expression Loss 1.4303      HeadPose Loss 0.2602      LearningRate 0.000004   Epoch: 4   Global Step: 2249   Fp16 Grad Scale: 2097152   Required: 18 hours


Training: 2026-06-05 15:54:47,499-Speed 157.63 samples/sec   Loss 1.6765  Expression Loss 1.4438      HeadPose Loss 0.2327      LearningRate 0.000004   Epoch: 4   Global Step: 2259   Fp16 Grad Scale: 2097152   Required: 18 hours


Training: 2026-06-05 15:54:55,611-Speed 157.81 samples/sec   Loss 1.6320  Expression Loss 1.3892      HeadPose Loss 0.2428      LearningRate 0.000004   Epoch: 4   Global Step: 2269   Fp16 Grad Scale: 2097152   Required: 18 hours


Training: 2026-06-05 15:55:03,727-Speed 157.72 samples/sec   Loss 1.6560  Expression Loss 1.4327      HeadPose Loss 0.2233      LearningRate 0.000004   Epoch: 4   Global Step: 2279   Fp16 Grad Scale: 2097152   Required: 18 hours


Training: 2026-06-05 15:55:11,844-Speed 157.70 samples/sec   Loss 1.6597  Expression Loss 1.4174      HeadPose Loss 0.2423      LearningRate 0.000004   Epoch: 4   Global Step: 2289   Fp16 Grad Scale: 2097152   Required: 18 hours


Training: 2026-06-05 15:55:19,950-Speed 157.92 samples/sec   Loss 1.6308  Expression Loss 1.3995      HeadPose Loss 0.2313      LearningRate 0.000004   Epoch: 4   Global Step: 2299   Fp16 Grad Scale: 2097152   Required: 18 hours


Training: 2026-06-05 15:55:28,064-Speed 157.74 samples/sec   Loss 1.6416  Expression Loss 1.4333      HeadPose Loss 0.2083      LearningRate 0.000004   Epoch: 4   Global Step: 2309   Fp16 Grad Scale: 2097152   Required: 18 hours


Training: 2026-06-05 15:55:36,179-Speed 157.75 samples/sec   Loss 1.6360  Expression Loss 1.4055      HeadPose Loss 0.2306      LearningRate 0.000004   Epoch: 4   Global Step: 2319   Fp16 Grad Scale: 2097152   Required: 18 hours


Training: 2026-06-05 15:55:44,303-Speed 157.57 samples/sec   Loss 1.6516  Expression Loss 1.4155      HeadPose Loss 0.2361      LearningRate 0.000004   Epoch: 4   Global Step: 2329   Fp16 Grad Scale: 2097152   Required: 18 hours


Training: 2026-06-05 15:55:52,435-Speed 157.41 samples/sec   Loss 1.6983  Expression Loss 1.4626      HeadPose Loss 0.2358      LearningRate 0.000004   Epoch: 4   Global Step: 2339   Fp16 Grad Scale: 4194304   Required: 18 hours


Training: 2026-06-05 15:56:00,546-Speed 157.81 samples/sec   Loss 1.6397  Expression Loss 1.4000      HeadPose Loss 0.2397      LearningRate 0.000004   Epoch: 4   Global Step: 2349   Fp16 Grad Scale: 2097152   Required: 18 hours


Training: 2026-06-05 15:56:08,668-Speed 157.61 samples/sec   Loss 1.5588  Expression Loss 1.3310      HeadPose Loss 0.2278      LearningRate 0.000004   Epoch: 4   Global Step: 2359   Fp16 Grad Scale: 2097152   Required: 18 hours


Training: 2026-06-05 15:56:16,791-Speed 157.58 samples/sec   Loss 1.6097  Expression Loss 1.3542      HeadPose Loss 0.2555      LearningRate 0.000004   Epoch: 4   Global Step: 2369   Fp16 Grad Scale: 2097152   Required: 18 hours


Training: 2026-06-05 15:56:24,897-Speed 157.91 samples/sec   Loss 1.6079  Expression Loss 1.3583      HeadPose Loss 0.2496      LearningRate 0.000004   Epoch: 4   Global Step: 2379   Fp16 Grad Scale: 1048576   Required: 18 hours


Training: 2026-06-05 15:56:33,028-Speed 157.44 samples/sec   Loss 1.6446  Expression Loss 1.4205      HeadPose Loss 0.2241      LearningRate 0.000004   Epoch: 4   Global Step: 2389   Fp16 Grad Scale: 1048576   Required: 18 hours


Training: 2026-06-05 15:56:41,140-Speed 157.80 samples/sec   Loss 1.5954  Expression Loss 1.3665      HeadPose Loss 0.2288      LearningRate 0.000004   Epoch: 4   Global Step: 2399   Fp16 Grad Scale: 1048576   Required: 18 hours


Training: 2026-06-05 15:56:49,257-Speed 157.70 samples/sec   Loss 1.6576  Expression Loss 1.4205      HeadPose Loss 0.2372      LearningRate 0.000004   Epoch: 4   Global Step: 2409   Fp16 Grad Scale: 1048576   Required: 18 hours


Training: 2026-06-05 15:56:57,384-Speed 157.51 samples/sec   Loss 1.6110  Expression Loss 1.3850      HeadPose Loss 0.2260      LearningRate 0.000004   Epoch: 4   Global Step: 2419   Fp16 Grad Scale: 1048576   Required: 18 hours


Training: 2026-06-05 15:57:05,507-Speed 157.57 samples/sec   Loss 1.6804  Expression Loss 1.4532      HeadPose Loss 0.2272      LearningRate 0.000004   Epoch: 4   Global Step: 2429   Fp16 Grad Scale: 1048576   Required: 18 hours


Training: 2026-06-05 15:57:13,633-Speed 157.54 samples/sec   Loss 1.6534  Expression Loss 1.4179      HeadPose Loss 0.2355      LearningRate 0.000004   Epoch: 4   Global Step: 2439   Fp16 Grad Scale: 1048576   Required: 18 hours


Training: 2026-06-05 15:57:21,764-Speed 157.44 samples/sec   Loss 1.6812  Expression Loss 1.4519      HeadPose Loss 0.2293      LearningRate 0.000004   Epoch: 4   Global Step: 2449   Fp16 Grad Scale: 1048576   Required: 18 hours


Training: 2026-06-05 15:57:29,884-Speed 157.64 samples/sec   Loss 1.5510  Expression Loss 1.3060      HeadPose Loss 0.2449      LearningRate 0.000004   Epoch: 4   Global Step: 2459   Fp16 Grad Scale: 1048576   Required: 18 hours


Training: 2026-06-05 15:57:38,012-Speed 157.49 samples/sec   Loss 1.5855  Expression Loss 1.3652      HeadPose Loss 0.2203      LearningRate 0.000004   Epoch: 4   Global Step: 2469   Fp16 Grad Scale: 1048576   Required: 18 hours


Training: 2026-06-05 15:57:46,138-Speed 157.52 samples/sec   Loss 1.5889  Expression Loss 1.3573      HeadPose Loss 0.2317      LearningRate 0.000004   Epoch: 4   Global Step: 2479   Fp16 Grad Scale: 2097152   Required: 18 hours


Training: 2026-06-05 15:57:54,501-Speed 153.06 samples/sec   Loss 1.6825  Expression Loss 1.4264      HeadPose Loss 0.2562      LearningRate 0.000004   Epoch: 4   Global Step: 2489   Fp16 Grad Scale: 2097152   Required: 18 hours


Training: 2026-06-05 15:58:02,604-Speed 157.97 samples/sec   Loss 1.6527  Expression Loss 1.4153      HeadPose Loss 0.2374      LearningRate 0.000004   Epoch: 4   Global Step: 2499   Fp16 Grad Scale: 1048576   Required: 18 hours


Training: 2026-06-05 15:58:10,725-Speed 157.62 samples/sec   Loss 1.6216  Expression Loss 1.3733      HeadPose Loss 0.2483      LearningRate 0.000004   Epoch: 4   Global Step: 2509   Fp16 Grad Scale: 1048576   Required: 18 hours


Training: 2026-06-05 15:58:18,847-Speed 157.61 samples/sec   Loss 1.6177  Expression Loss 1.3716      HeadPose Loss 0.2461      LearningRate 0.000004   Epoch: 4   Global Step: 2519   Fp16 Grad Scale: 1048576   Required: 18 hours


Training: 2026-06-05 15:58:26,966-Speed 157.66 samples/sec   Loss 1.6316  Expression Loss 1.3848      HeadPose Loss 0.2467      LearningRate 0.000004   Epoch: 4   Global Step: 2529   Fp16 Grad Scale: 1048576   Required: 18 hours


Training: 2026-06-05 15:58:35,084-Speed 157.70 samples/sec   Loss 1.6020  Expression Loss 1.3622      HeadPose Loss 0.2398      LearningRate 0.000004   Epoch: 4   Global Step: 2539   Fp16 Grad Scale: 1048576   Required: 18 hours


Training: 2026-06-05 15:58:43,205-Speed 157.61 samples/sec   Loss 1.6570  Expression Loss 1.4137      HeadPose Loss 0.2433      LearningRate 0.000004   Epoch: 4   Global Step: 2549   Fp16 Grad Scale: 1048576   Required: 18 hours


Training: 2026-06-05 15:58:51,343-Speed 157.30 samples/sec   Loss 1.6181  Expression Loss 1.3921      HeadPose Loss 0.2260      LearningRate 0.000004   Epoch: 4   Global Step: 2559   Fp16 Grad Scale: 1048576   Required: 18 hours


Training: 2026-06-05 15:58:59,472-Speed 157.48 samples/sec   Loss 1.6332  Expression Loss 1.4037      HeadPose Loss 0.2295      LearningRate 0.000004   Epoch: 4   Global Step: 2569   Fp16 Grad Scale: 1048576   Required: 18 hours


Training: 2026-06-05 15:59:07,585-Speed 157.78 samples/sec   Loss 1.6545  Expression Loss 1.4122      HeadPose Loss 0.2423      LearningRate 0.000004   Epoch: 4   Global Step: 2579   Fp16 Grad Scale: 1048576   Required: 18 hours


Training: 2026-06-05 15:59:15,710-Speed 157.54 samples/sec   Loss 1.6344  Expression Loss 1.3974      HeadPose Loss 0.2370      LearningRate 0.000004   Epoch: 4   Global Step: 2589   Fp16 Grad Scale: 1048576   Required: 18 hours


Training: 2026-06-05 15:59:23,836-Speed 157.54 samples/sec   Loss 1.6146  Expression Loss 1.3537      HeadPose Loss 0.2608      LearningRate 0.000004   Epoch: 4   Global Step: 2599   Fp16 Grad Scale: 2097152   Required: 18 hours


Training: 2026-06-05 15:59:31,967-Speed 157.43 samples/sec   Loss 1.6818  Expression Loss 1.4218      HeadPose Loss 0.2600      LearningRate 0.000004   Epoch: 4   Global Step: 2609   Fp16 Grad Scale: 2097152   Required: 18 hours


Training: 2026-06-05 15:59:40,078-Speed 157.81 samples/sec   Loss 1.6311  Expression Loss 1.3958      HeadPose Loss 0.2353      LearningRate 0.000004   Epoch: 4   Global Step: 2619   Fp16 Grad Scale: 2097152   Required: 18 hours


Training: 2026-06-05 15:59:48,206-Speed 157.50 samples/sec   Loss 1.5502  Expression Loss 1.3223      HeadPose Loss 0.2278      LearningRate 0.000004   Epoch: 4   Global Step: 2629   Fp16 Grad Scale: 2097152   Required: 18 hours


Training: 2026-06-05 15:59:56,331-Speed 157.54 samples/sec   Loss 1.5969  Expression Loss 1.3854      HeadPose Loss 0.2115      LearningRate 0.000004   Epoch: 4   Global Step: 2639   Fp16 Grad Scale: 2097152   Required: 18 hours


Training: 2026-06-05 16:00:04,451-Speed 157.64 samples/sec   Loss 1.5150  Expression Loss 1.3107      HeadPose Loss 0.2043      LearningRate 0.000004   Epoch: 4   Global Step: 2649   Fp16 Grad Scale: 2097152   Required: 18 hours


Training: 2026-06-05 16:00:12,560-Speed 157.87 samples/sec   Loss 1.5763  Expression Loss 1.3608      HeadPose Loss 0.2155      LearningRate 0.000004   Epoch: 4   Global Step: 2659   Fp16 Grad Scale: 1048576   Required: 18 hours


Training: 2026-06-05 16:00:20,680-Speed 157.65 samples/sec   Loss 1.6692  Expression Loss 1.4022      HeadPose Loss 0.2669      LearningRate 0.000004   Epoch: 4   Global Step: 2669   Fp16 Grad Scale: 1048576   Required: 18 hours


Training: 2026-06-05 16:00:28,805-Speed 157.53 samples/sec   Loss 1.6265  Expression Loss 1.3905      HeadPose Loss 0.2360      LearningRate 0.000004   Epoch: 4   Global Step: 2679   Fp16 Grad Scale: 1048576   Required: 18 hours


Training: 2026-06-05 16:00:36,945-Speed 157.26 samples/sec   Loss 1.5762  Expression Loss 1.3621      HeadPose Loss 0.2141      LearningRate 0.000004   Epoch: 4   Global Step: 2689   Fp16 Grad Scale: 1048576   Required: 18 hours


Training: 2026-06-05 16:00:45,079-Speed 157.38 samples/sec   Loss 1.5417  Expression Loss 1.3095      HeadPose Loss 0.2322      LearningRate 0.000004   Epoch: 4   Global Step: 2699   Fp16 Grad Scale: 1048576   Required: 18 hours


Training: 2026-06-05 16:00:53,210-Speed 157.44 samples/sec   Loss 1.6228  Expression Loss 1.3976      HeadPose Loss 0.2252      LearningRate 0.000004   Epoch: 4   Global Step: 2709   Fp16 Grad Scale: 1048576   Required: 18 hours


Training: 2026-06-05 16:01:01,333-Speed 157.57 samples/sec   Loss 1.5787  Expression Loss 1.3564      HeadPose Loss 0.2224      LearningRate 0.000004   Epoch: 4   Global Step: 2719   Fp16 Grad Scale: 1048576   Required: 18 hours


Training: 2026-06-05 16:01:09,458-Speed 157.56 samples/sec   Loss 1.5233  Expression Loss 1.3029      HeadPose Loss 0.2203      LearningRate 0.000004   Epoch: 4   Global Step: 2729   Fp16 Grad Scale: 1048576   Required: 18 hours


Training: 2026-06-05 16:01:17,587-Speed 157.47 samples/sec   Loss 1.5772  Expression Loss 1.3291      HeadPose Loss 0.2480      LearningRate 0.000004   Epoch: 4   Global Step: 2739   Fp16 Grad Scale: 1048576   Required: 18 hours


Training: 2026-06-05 16:01:25,719-Speed 157.41 samples/sec   Loss 1.5292  Expression Loss 1.3142      HeadPose Loss 0.2151      LearningRate 0.000004   Epoch: 4   Global Step: 2749   Fp16 Grad Scale: 1048576   Required: 18 hours


/home/lslopes/.conda/envs/swin-det/lib/python3.7/site-packages/torchvision/transforms/functional.py:418: UserWarning: Argument 'interpolation' of type int is deprecated since 0.13 and will be removed in 0.15. Please use InterpolationMode enum.
  "Argument 'interpolation' of type int is deprecated since 0.13 and will be removed in 0.15. "
/home/lslopes/.conda/envs/swin-det/lib/python3.7/site-packages/torchvision/transforms/functional.py:418: UserWarning: Argument 'interpolation' of type int is deprecated since 0.13 and will be removed in 0.15. Please use InterpolationMode enum.
  "Argument 'interpolation' of type int is deprecated since 0.13 and will be removed in 0.15. "
Training: 2026-06-05 16:01:35,190-Speed 135.16 samples/sec   Loss 1.6204  Expression Loss 1.3936      HeadPose Loss 0.2268      LearningRate 0.000004   Epoch: 5   Global Step: 2759   Fp16 Grad Scale: 2097152   Required: 18 hours


Training: 2026-06-05 16:01:43,299-Speed 157.86 samples/sec   Loss 1.5594  Expression Loss 1.3391      HeadPose Loss 0.2202      LearningRate 0.000004   Epoch: 5   Global Step: 2769   Fp16 Grad Scale: 1048576   Required: 18 hours


Training: 2026-06-05 16:01:51,424-Speed 157.55 samples/sec   Loss 1.5878  Expression Loss 1.3467      HeadPose Loss 0.2411      LearningRate 0.000004   Epoch: 5   Global Step: 2779   Fp16 Grad Scale: 1048576   Required: 18 hours


Training: 2026-06-05 16:01:59,547-Speed 157.57 samples/sec   Loss 1.5536  Expression Loss 1.3238      HeadPose Loss 0.2297      LearningRate 0.000004   Epoch: 5   Global Step: 2789   Fp16 Grad Scale: 1048576   Required: 18 hours


Training: 2026-06-05 16:02:07,675-Speed 157.49 samples/sec   Loss 1.5861  Expression Loss 1.3360      HeadPose Loss 0.2501      LearningRate 0.000004   Epoch: 5   Global Step: 2799   Fp16 Grad Scale: 1048576   Required: 18 hours


Training: 2026-06-05 16:02:15,798-Speed 157.60 samples/sec   Loss 1.6169  Expression Loss 1.3693      HeadPose Loss 0.2476      LearningRate 0.000004   Epoch: 5   Global Step: 2809   Fp16 Grad Scale: 1048576   Required: 18 hours


Training: 2026-06-05 16:02:23,921-Speed 157.57 samples/sec   Loss 1.6350  Expression Loss 1.4154      HeadPose Loss 0.2196      LearningRate 0.000004   Epoch: 5   Global Step: 2819   Fp16 Grad Scale: 1048576   Required: 18 hours


Training: 2026-06-05 16:02:32,042-Speed 157.63 samples/sec   Loss 1.5343  Expression Loss 1.3339      HeadPose Loss 0.2004      LearningRate 0.000005   Epoch: 5   Global Step: 2829   Fp16 Grad Scale: 1048576   Required: 18 hours


Training: 2026-06-05 16:02:40,313-Speed 154.76 samples/sec   Loss 1.6729  Expression Loss 1.4393      HeadPose Loss 0.2336      LearningRate 0.000005   Epoch: 5   Global Step: 2839   Fp16 Grad Scale: 1048576   Required: 18 hours


Training: 2026-06-05 16:02:48,429-Speed 157.72 samples/sec   Loss 1.5746  Expression Loss 1.3463      HeadPose Loss 0.2283      LearningRate 0.000005   Epoch: 5   Global Step: 2849   Fp16 Grad Scale: 1048576   Required: 18 hours


Training: 2026-06-05 16:02:56,561-Speed 157.43 samples/sec   Loss 1.5899  Expression Loss 1.3676      HeadPose Loss 0.2222      LearningRate 0.000005   Epoch: 5   Global Step: 2859   Fp16 Grad Scale: 1048576   Required: 18 hours


Training: 2026-06-05 16:03:04,859-Speed 154.26 samples/sec   Loss 1.6093  Expression Loss 1.3676      HeadPose Loss 0.2417      LearningRate 0.000005   Epoch: 5   Global Step: 2869   Fp16 Grad Scale: 2097152   Required: 18 hours


Training: 2026-06-05 16:03:12,960-Speed 158.01 samples/sec   Loss 1.6017  Expression Loss 1.3563      HeadPose Loss 0.2454      LearningRate 0.000005   Epoch: 5   Global Step: 2879   Fp16 Grad Scale: 1048576   Required: 18 hours


Training: 2026-06-05 16:03:21,100-Speed 157.26 samples/sec   Loss 1.5030  Expression Loss 1.2899      HeadPose Loss 0.2131      LearningRate 0.000005   Epoch: 5   Global Step: 2889   Fp16 Grad Scale: 1048576   Required: 18 hours


Training: 2026-06-05 16:03:29,222-Speed 157.60 samples/sec   Loss 1.6560  Expression Loss 1.4023      HeadPose Loss 0.2537      LearningRate 0.000005   Epoch: 5   Global Step: 2899   Fp16 Grad Scale: 1048576   Required: 18 hours


Training: 2026-06-05 16:03:37,351-Speed 157.47 samples/sec   Loss 1.5747  Expression Loss 1.3159      HeadPose Loss 0.2588      LearningRate 0.000005   Epoch: 5   Global Step: 2909   Fp16 Grad Scale: 1048576   Required: 18 hours


Training: 2026-06-05 16:03:45,479-Speed 157.50 samples/sec   Loss 1.6090  Expression Loss 1.3658      HeadPose Loss 0.2432      LearningRate 0.000005   Epoch: 5   Global Step: 2919   Fp16 Grad Scale: 1048576   Required: 18 hours


Training: 2026-06-05 16:03:53,601-Speed 157.60 samples/sec   Loss 1.5553  Expression Loss 1.3125      HeadPose Loss 0.2427      LearningRate 0.000005   Epoch: 5   Global Step: 2929   Fp16 Grad Scale: 1048576   Required: 18 hours


Training: 2026-06-05 16:04:01,730-Speed 157.47 samples/sec   Loss 1.5946  Expression Loss 1.3518      HeadPose Loss 0.2428      LearningRate 0.000005   Epoch: 5   Global Step: 2939   Fp16 Grad Scale: 1048576   Required: 18 hours


Training: 2026-06-05 16:04:09,860-Speed 157.44 samples/sec   Loss 1.5999  Expression Loss 1.3742      HeadPose Loss 0.2256      LearningRate 0.000005   Epoch: 5   Global Step: 2949   Fp16 Grad Scale: 1048576   Required: 18 hours


Training: 2026-06-05 16:04:17,991-Speed 157.45 samples/sec   Loss 1.5731  Expression Loss 1.3418      HeadPose Loss 0.2313      LearningRate 0.000005   Epoch: 5   Global Step: 2959   Fp16 Grad Scale: 1048576   Required: 18 hours


Training: 2026-06-05 16:04:26,118-Speed 157.50 samples/sec   Loss 1.5495  Expression Loss 1.3075      HeadPose Loss 0.2419      LearningRate 0.000005   Epoch: 5   Global Step: 2969   Fp16 Grad Scale: 1048576   Required: 18 hours


Training: 2026-06-05 16:04:34,244-Speed 157.53 samples/sec   Loss 1.5470  Expression Loss 1.3265      HeadPose Loss 0.2205      LearningRate 0.000005   Epoch: 5   Global Step: 2979   Fp16 Grad Scale: 2097152   Required: 18 hours


Training: 2026-06-05 16:04:42,370-Speed 157.52 samples/sec   Loss 1.6133  Expression Loss 1.3798      HeadPose Loss 0.2335      LearningRate 0.000005   Epoch: 5   Global Step: 2989   Fp16 Grad Scale: 2097152   Required: 18 hours


Training: 2026-06-05 16:04:50,502-Speed 157.42 samples/sec   Loss 1.5523  Expression Loss 1.3309      HeadPose Loss 0.2214      LearningRate 0.000005   Epoch: 5   Global Step: 2999   Fp16 Grad Scale: 2097152   Required: 18 hours


Training: 2026-06-05 16:04:58,630-Speed 157.50 samples/sec   Loss 1.5457  Expression Loss 1.3155      HeadPose Loss 0.2302      LearningRate 0.000005   Epoch: 5   Global Step: 3009   Fp16 Grad Scale: 2097152   Required: 18 hours


Training: 2026-06-05 16:05:06,739-Speed 157.85 samples/sec   Loss 1.5647  Expression Loss 1.3249      HeadPose Loss 0.2399      LearningRate 0.000005   Epoch: 5   Global Step: 3019   Fp16 Grad Scale: 1048576   Required: 18 hours


Training: 2026-06-05 16:05:14,875-Speed 157.32 samples/sec   Loss 1.5286  Expression Loss 1.2930      HeadPose Loss 0.2355      LearningRate 0.000005   Epoch: 5   Global Step: 3029   Fp16 Grad Scale: 1048576   Required: 18 hours


Training: 2026-06-05 16:05:22,999-Speed 157.56 samples/sec   Loss 1.6191  Expression Loss 1.3832      HeadPose Loss 0.2360      LearningRate 0.000005   Epoch: 5   Global Step: 3039   Fp16 Grad Scale: 1048576   Required: 18 hours


Training: 2026-06-05 16:05:31,124-Speed 157.56 samples/sec   Loss 1.6285  Expression Loss 1.3917      HeadPose Loss 0.2368      LearningRate 0.000005   Epoch: 5   Global Step: 3049   Fp16 Grad Scale: 1048576   Required: 18 hours


Training: 2026-06-05 16:05:39,255-Speed 157.43 samples/sec   Loss 1.5623  Expression Loss 1.3528      HeadPose Loss 0.2095      LearningRate 0.000005   Epoch: 5   Global Step: 3059   Fp16 Grad Scale: 1048576   Required: 18 hours


Training: 2026-06-05 16:05:47,377-Speed 157.60 samples/sec   Loss 1.5484  Expression Loss 1.3085      HeadPose Loss 0.2399      LearningRate 0.000005   Epoch: 5   Global Step: 3069   Fp16 Grad Scale: 1048576   Required: 18 hours


Training: 2026-06-05 16:05:55,506-Speed 157.47 samples/sec   Loss 1.5885  Expression Loss 1.3621      HeadPose Loss 0.2264      LearningRate 0.000005   Epoch: 5   Global Step: 3079   Fp16 Grad Scale: 1048576   Required: 18 hours


Training: 2026-06-05 16:06:03,636-Speed 157.46 samples/sec   Loss 1.6368  Expression Loss 1.3913      HeadPose Loss 0.2455      LearningRate 0.000005   Epoch: 5   Global Step: 3089   Fp16 Grad Scale: 1048576   Required: 18 hours


Training: 2026-06-05 16:06:11,762-Speed 157.53 samples/sec   Loss 1.5374  Expression Loss 1.2924      HeadPose Loss 0.2450      LearningRate 0.000005   Epoch: 5   Global Step: 3099   Fp16 Grad Scale: 1048576   Required: 18 hours


Training: 2026-06-05 16:06:19,887-Speed 157.55 samples/sec   Loss 1.5613  Expression Loss 1.3493      HeadPose Loss 0.2121      LearningRate 0.000005   Epoch: 5   Global Step: 3109   Fp16 Grad Scale: 1048576   Required: 18 hours


Training: 2026-06-05 16:06:27,994-Speed 157.88 samples/sec   Loss 1.5284  Expression Loss 1.3066      HeadPose Loss 0.2218      LearningRate 0.000005   Epoch: 5   Global Step: 3119   Fp16 Grad Scale: 1048576   Required: 18 hours


Training: 2026-06-05 16:06:36,117-Speed 157.59 samples/sec   Loss 1.5831  Expression Loss 1.3486      HeadPose Loss 0.2345      LearningRate 0.000005   Epoch: 5   Global Step: 3129   Fp16 Grad Scale: 1048576   Required: 18 hours


Training: 2026-06-05 16:06:44,237-Speed 157.66 samples/sec   Loss 1.5639  Expression Loss 1.3580      HeadPose Loss 0.2059      LearningRate 0.000005   Epoch: 5   Global Step: 3139   Fp16 Grad Scale: 1048576   Required: 18 hours


Training: 2026-06-05 16:06:52,363-Speed 157.53 samples/sec   Loss 1.5666  Expression Loss 1.3570      HeadPose Loss 0.2096      LearningRate 0.000005   Epoch: 5   Global Step: 3149   Fp16 Grad Scale: 1048576   Required: 18 hours


Training: 2026-06-05 16:07:00,489-Speed 157.53 samples/sec   Loss 1.5580  Expression Loss 1.3478      HeadPose Loss 0.2103      LearningRate 0.000005   Epoch: 5   Global Step: 3159   Fp16 Grad Scale: 1048576   Required: 18 hours


Training: 2026-06-05 16:07:08,612-Speed 157.59 samples/sec   Loss 1.5556  Expression Loss 1.3443      HeadPose Loss 0.2113      LearningRate 0.000005   Epoch: 5   Global Step: 3169   Fp16 Grad Scale: 1048576   Required: 18 hours


Training: 2026-06-05 16:07:16,745-Speed 157.38 samples/sec   Loss 1.5102  Expression Loss 1.2995      HeadPose Loss 0.2106      LearningRate 0.000005   Epoch: 5   Global Step: 3179   Fp16 Grad Scale: 1048576   Required: 18 hours


Training: 2026-06-05 16:07:24,878-Speed 157.39 samples/sec   Loss 1.5278  Expression Loss 1.2910      HeadPose Loss 0.2368      LearningRate 0.000005   Epoch: 5   Global Step: 3189   Fp16 Grad Scale: 1048576   Required: 18 hours


Training: 2026-06-05 16:07:33,003-Speed 157.56 samples/sec   Loss 1.6178  Expression Loss 1.3970      HeadPose Loss 0.2208      LearningRate 0.000005   Epoch: 5   Global Step: 3199   Fp16 Grad Scale: 1048576   Required: 18 hours


Training: 2026-06-05 16:07:41,127-Speed 157.56 samples/sec   Loss 1.5485  Expression Loss 1.3438      HeadPose Loss 0.2048      LearningRate 0.000005   Epoch: 5   Global Step: 3209   Fp16 Grad Scale: 1048576   Required: 18 hours


Training: 2026-06-05 16:07:49,234-Speed 157.90 samples/sec   Loss 1.5835  Expression Loss 1.3511      HeadPose Loss 0.2324      LearningRate 0.000005   Epoch: 5   Global Step: 3219   Fp16 Grad Scale: 1048576   Required: 18 hours


Training: 2026-06-05 16:07:57,360-Speed 157.53 samples/sec   Loss 1.6178  Expression Loss 1.3953      HeadPose Loss 0.2225      LearningRate 0.000005   Epoch: 5   Global Step: 3229   Fp16 Grad Scale: 1048576   Required: 18 hours


Training: 2026-06-05 16:08:05,493-Speed 157.39 samples/sec   Loss 1.5478  Expression Loss 1.3326      HeadPose Loss 0.2152      LearningRate 0.000005   Epoch: 5   Global Step: 3239   Fp16 Grad Scale: 1048576   Required: 18 hours


Training: 2026-06-05 16:08:13,611-Speed 157.68 samples/sec   Loss 1.5366  Expression Loss 1.3161      HeadPose Loss 0.2205      LearningRate 0.000005   Epoch: 5   Global Step: 3249   Fp16 Grad Scale: 1048576   Required: 18 hours


Training: 2026-06-05 16:08:21,735-Speed 157.58 samples/sec   Loss 1.5397  Expression Loss 1.3082      HeadPose Loss 0.2315      LearningRate 0.000005   Epoch: 5   Global Step: 3259   Fp16 Grad Scale: 1048576   Required: 18 hours


Training: 2026-06-05 16:08:29,867-Speed 157.41 samples/sec   Loss 1.6013  Expression Loss 1.3697      HeadPose Loss 0.2316      LearningRate 0.000005   Epoch: 5   Global Step: 3269   Fp16 Grad Scale: 1048576   Required: 18 hours


Training: 2026-06-05 16:08:37,991-Speed 157.55 samples/sec   Loss 1.6085  Expression Loss 1.3676      HeadPose Loss 0.2409      LearningRate 0.000005   Epoch: 5   Global Step: 3279   Fp16 Grad Scale: 1048576   Required: 18 hours


Training: 2026-06-05 16:08:46,119-Speed 157.51 samples/sec   Loss 1.5489  Expression Loss 1.3319      HeadPose Loss 0.2170      LearningRate 0.000005   Epoch: 5   Global Step: 3289   Fp16 Grad Scale: 1048576   Required: 18 hours


Training: 2026-06-05 16:08:54,247-Speed 157.48 samples/sec   Loss 1.5083  Expression Loss 1.2830      HeadPose Loss 0.2252      LearningRate 0.000005   Epoch: 5   Global Step: 3299   Fp16 Grad Scale: 1048576   Required: 18 hours


/home/lslopes/.conda/envs/swin-det/lib/python3.7/site-packages/torchvision/transforms/functional.py:418: UserWarning: Argument 'interpolation' of type int is deprecated since 0.13 and will be removed in 0.15. Please use InterpolationMode enum.
  "Argument 'interpolation' of type int is deprecated since 0.13 and will be removed in 0.15. "
/home/lslopes/.conda/envs/swin-det/lib/python3.7/site-packages/torchvision/transforms/functional.py:418: UserWarning: Argument 'interpolation' of type int is deprecated since 0.13 and will be removed in 0.15. Please use InterpolationMode enum.
  "Argument 'interpolation' of type int is deprecated since 0.13 and will be removed in 0.15. "
Training: 2026-06-05 16:09:03,724-Speed 135.08 samples/sec   Loss 1.6191  Expression Loss 1.3912      HeadPose Loss 0.2278      LearningRate 0.000005   Epoch: 6   Global Step: 3309   Fp16 Grad Scale: 1048576   Required: 18 hours


Training: 2026-06-05 16:09:11,843-Speed 157.66 samples/sec   Loss 1.5665  Expression Loss 1.3460      HeadPose Loss 0.2205      LearningRate 0.000005   Epoch: 6   Global Step: 3319   Fp16 Grad Scale: 2097152   Required: 18 hours


Training: 2026-06-05 16:09:19,943-Speed 158.03 samples/sec   Loss 1.6283  Expression Loss 1.3943      HeadPose Loss 0.2340      LearningRate 0.000005   Epoch: 6   Global Step: 3329   Fp16 Grad Scale: 1048576   Required: 18 hours


Training: 2026-06-05 16:09:28,063-Speed 157.66 samples/sec   Loss 1.5773  Expression Loss 1.3447      HeadPose Loss 0.2326      LearningRate 0.000005   Epoch: 6   Global Step: 3339   Fp16 Grad Scale: 1048576   Required: 18 hours


Training: 2026-06-05 16:09:36,174-Speed 157.82 samples/sec   Loss 1.4991  Expression Loss 1.3061      HeadPose Loss 0.1930      LearningRate 0.000005   Epoch: 6   Global Step: 3349   Fp16 Grad Scale: 1048576   Required: 18 hours


Training: 2026-06-05 16:09:44,277-Speed 157.97 samples/sec   Loss 1.5509  Expression Loss 1.3332      HeadPose Loss 0.2177      LearningRate 0.000005   Epoch: 6   Global Step: 3359   Fp16 Grad Scale: 1048576   Required: 18 hours


Training: 2026-06-05 16:09:52,378-Speed 158.00 samples/sec   Loss 1.5105  Expression Loss 1.2784      HeadPose Loss 0.2321      LearningRate 0.000005   Epoch: 6   Global Step: 3369   Fp16 Grad Scale: 1048576   Required: 18 hours


Training: 2026-06-05 16:10:00,488-Speed 157.84 samples/sec   Loss 1.5756  Expression Loss 1.3655      HeadPose Loss 0.2101      LearningRate 0.000005   Epoch: 6   Global Step: 3379   Fp16 Grad Scale: 1048576   Required: 18 hours


Training: 2026-06-05 16:10:08,612-Speed 157.57 samples/sec   Loss 1.5638  Expression Loss 1.3357      HeadPose Loss 0.2282      LearningRate 0.000005   Epoch: 6   Global Step: 3389   Fp16 Grad Scale: 1048576   Required: 18 hours


Training: 2026-06-05 16:10:16,716-Speed 157.96 samples/sec   Loss 1.6076  Expression Loss 1.3812      HeadPose Loss 0.2264      LearningRate 0.000005   Epoch: 6   Global Step: 3399   Fp16 Grad Scale: 1048576   Required: 18 hours


Training: 2026-06-05 16:10:24,832-Speed 157.72 samples/sec   Loss 1.5268  Expression Loss 1.3144      HeadPose Loss 0.2123      LearningRate 0.000005   Epoch: 6   Global Step: 3409   Fp16 Grad Scale: 1048576   Required: 18 hours


Training: 2026-06-05 16:10:32,949-Speed 157.70 samples/sec   Loss 1.5397  Expression Loss 1.3088      HeadPose Loss 0.2309      LearningRate 0.000005   Epoch: 6   Global Step: 3419   Fp16 Grad Scale: 1048576   Required: 18 hours


Training: 2026-06-05 16:10:41,055-Speed 157.93 samples/sec   Loss 1.5085  Expression Loss 1.2845      HeadPose Loss 0.2240      LearningRate 0.000005   Epoch: 6   Global Step: 3429   Fp16 Grad Scale: 2097152   Required: 18 hours


Training: 2026-06-05 16:10:49,157-Speed 157.98 samples/sec   Loss 1.5133  Expression Loss 1.2823      HeadPose Loss 0.2310      LearningRate 0.000005   Epoch: 6   Global Step: 3439   Fp16 Grad Scale: 1048576   Required: 18 hours


Training: 2026-06-05 16:10:57,262-Speed 157.94 samples/sec   Loss 1.6074  Expression Loss 1.3817      HeadPose Loss 0.2257      LearningRate 0.000005   Epoch: 6   Global Step: 3449   Fp16 Grad Scale: 1048576   Required: 18 hours


Training: 2026-06-05 16:11:05,384-Speed 157.62 samples/sec   Loss 1.5385  Expression Loss 1.3093      HeadPose Loss 0.2292      LearningRate 0.000005   Epoch: 6   Global Step: 3459   Fp16 Grad Scale: 1048576   Required: 18 hours


Training: 2026-06-05 16:11:13,501-Speed 157.69 samples/sec   Loss 1.4820  Expression Loss 1.2593      HeadPose Loss 0.2227      LearningRate 0.000005   Epoch: 6   Global Step: 3469   Fp16 Grad Scale: 1048576   Required: 18 hours


Training: 2026-06-05 16:11:21,628-Speed 157.52 samples/sec   Loss 1.4446  Expression Loss 1.2337      HeadPose Loss 0.2109      LearningRate 0.000006   Epoch: 6   Global Step: 3479   Fp16 Grad Scale: 1048576   Required: 18 hours


Training: 2026-06-05 16:11:29,743-Speed 157.74 samples/sec   Loss 1.5574  Expression Loss 1.3321      HeadPose Loss 0.2252      LearningRate 0.000006   Epoch: 6   Global Step: 3489   Fp16 Grad Scale: 1048576   Required: 18 hours


Training: 2026-06-05 16:11:37,851-Speed 157.87 samples/sec   Loss 1.5606  Expression Loss 1.3161      HeadPose Loss 0.2445      LearningRate 0.000006   Epoch: 6   Global Step: 3499   Fp16 Grad Scale: 1048576   Required: 18 hours


Training: 2026-06-05 16:11:45,967-Speed 157.73 samples/sec   Loss 1.5695  Expression Loss 1.3327      HeadPose Loss 0.2368      LearningRate 0.000006   Epoch: 6   Global Step: 3509   Fp16 Grad Scale: 1048576   Required: 18 hours


Training: 2026-06-05 16:11:54,079-Speed 157.79 samples/sec   Loss 1.5742  Expression Loss 1.3494      HeadPose Loss 0.2248      LearningRate 0.000006   Epoch: 6   Global Step: 3519   Fp16 Grad Scale: 1048576   Required: 18 hours


Training: 2026-06-05 16:12:02,194-Speed 157.74 samples/sec   Loss 1.4823  Expression Loss 1.2681      HeadPose Loss 0.2143      LearningRate 0.000006   Epoch: 6   Global Step: 3529   Fp16 Grad Scale: 1048576   Required: 18 hours


Training: 2026-06-05 16:12:10,296-Speed 158.00 samples/sec   Loss 1.5303  Expression Loss 1.3197      HeadPose Loss 0.2105      LearningRate 0.000006   Epoch: 6   Global Step: 3539   Fp16 Grad Scale: 1048576   Required: 18 hours


Training: 2026-06-05 16:12:18,406-Speed 157.83 samples/sec   Loss 1.4707  Expression Loss 1.2585      HeadPose Loss 0.2122      LearningRate 0.000006   Epoch: 6   Global Step: 3549   Fp16 Grad Scale: 1048576   Required: 18 hours


Training: 2026-06-05 16:12:26,516-Speed 157.84 samples/sec   Loss 1.6055  Expression Loss 1.3731      HeadPose Loss 0.2324      LearningRate 0.000006   Epoch: 6   Global Step: 3559   Fp16 Grad Scale: 1048576   Required: 18 hours


Training: 2026-06-05 16:12:34,627-Speed 157.82 samples/sec   Loss 1.5337  Expression Loss 1.3005      HeadPose Loss 0.2332      LearningRate 0.000006   Epoch: 6   Global Step: 3569   Fp16 Grad Scale: 1048576   Required: 18 hours


Training: 2026-06-05 16:12:42,741-Speed 157.76 samples/sec   Loss 1.5355  Expression Loss 1.3299      HeadPose Loss 0.2055      LearningRate 0.000006   Epoch: 6   Global Step: 3579   Fp16 Grad Scale: 1048576   Required: 18 hours


Training: 2026-06-05 16:12:50,831-Speed 158.23 samples/sec   Loss 1.5327  Expression Loss 1.3059      HeadPose Loss 0.2268      LearningRate 0.000006   Epoch: 6   Global Step: 3589   Fp16 Grad Scale: 524288   Required: 18 hours


Training: 2026-06-05 16:12:58,935-Speed 157.96 samples/sec   Loss 1.5210  Expression Loss 1.2830      HeadPose Loss 0.2380      LearningRate 0.000006   Epoch: 6   Global Step: 3599   Fp16 Grad Scale: 524288   Required: 18 hours


Training: 2026-06-05 16:13:07,046-Speed 157.82 samples/sec   Loss 1.5022  Expression Loss 1.2972      HeadPose Loss 0.2050      LearningRate 0.000006   Epoch: 6   Global Step: 3609   Fp16 Grad Scale: 524288   Required: 18 hours


Training: 2026-06-05 16:13:15,159-Speed 157.78 samples/sec   Loss 1.5482  Expression Loss 1.3418      HeadPose Loss 0.2064      LearningRate 0.000006   Epoch: 6   Global Step: 3619   Fp16 Grad Scale: 524288   Required: 18 hours


Training: 2026-06-05 16:13:23,271-Speed 157.80 samples/sec   Loss 1.4910  Expression Loss 1.2682      HeadPose Loss 0.2227      LearningRate 0.000006   Epoch: 6   Global Step: 3629   Fp16 Grad Scale: 524288   Required: 18 hours


Training: 2026-06-05 16:13:31,383-Speed 157.81 samples/sec   Loss 1.5547  Expression Loss 1.3319      HeadPose Loss 0.2229      LearningRate 0.000006   Epoch: 6   Global Step: 3639   Fp16 Grad Scale: 524288   Required: 18 hours


Training: 2026-06-05 16:13:39,499-Speed 157.71 samples/sec   Loss 1.5204  Expression Loss 1.3122      HeadPose Loss 0.2083      LearningRate 0.000006   Epoch: 6   Global Step: 3649   Fp16 Grad Scale: 524288   Required: 18 hours


Training: 2026-06-05 16:13:47,620-Speed 157.63 samples/sec   Loss 1.4688  Expression Loss 1.2639      HeadPose Loss 0.2049      LearningRate 0.000006   Epoch: 6   Global Step: 3659   Fp16 Grad Scale: 524288   Required: 18 hours


Training: 2026-06-05 16:13:55,735-Speed 157.75 samples/sec   Loss 1.5206  Expression Loss 1.2820      HeadPose Loss 0.2386      LearningRate 0.000006   Epoch: 6   Global Step: 3669   Fp16 Grad Scale: 524288   Required: 18 hours


Training: 2026-06-05 16:14:03,850-Speed 157.73 samples/sec   Loss 1.5012  Expression Loss 1.2857      HeadPose Loss 0.2156      LearningRate 0.000006   Epoch: 6   Global Step: 3679   Fp16 Grad Scale: 524288   Required: 18 hours


Training: 2026-06-05 16:14:11,975-Speed 157.55 samples/sec   Loss 1.4728  Expression Loss 1.2662      HeadPose Loss 0.2065      LearningRate 0.000006   Epoch: 6   Global Step: 3689   Fp16 Grad Scale: 1048576   Required: 18 hours


Training: 2026-06-05 16:14:20,100-Speed 157.55 samples/sec   Loss 1.5052  Expression Loss 1.3000      HeadPose Loss 0.2052      LearningRate 0.000006   Epoch: 6   Global Step: 3699   Fp16 Grad Scale: 1048576   Required: 18 hours


Training: 2026-06-05 16:14:28,219-Speed 157.67 samples/sec   Loss 1.5749  Expression Loss 1.3384      HeadPose Loss 0.2365      LearningRate 0.000006   Epoch: 6   Global Step: 3709   Fp16 Grad Scale: 1048576   Required: 18 hours


Training: 2026-06-05 16:14:36,322-Speed 157.97 samples/sec   Loss 1.5307  Expression Loss 1.3084      HeadPose Loss 0.2222      LearningRate 0.000006   Epoch: 6   Global Step: 3719   Fp16 Grad Scale: 1048576   Required: 18 hours


Training: 2026-06-05 16:14:44,436-Speed 157.76 samples/sec   Loss 1.5109  Expression Loss 1.2815      HeadPose Loss 0.2294      LearningRate 0.000006   Epoch: 6   Global Step: 3729   Fp16 Grad Scale: 1048576   Required: 18 hours


Training: 2026-06-05 16:14:52,536-Speed 158.03 samples/sec   Loss 1.6166  Expression Loss 1.3727      HeadPose Loss 0.2439      LearningRate 0.000006   Epoch: 6   Global Step: 3739   Fp16 Grad Scale: 1048576   Required: 18 hours


Training: 2026-06-05 16:15:00,641-Speed 157.94 samples/sec   Loss 1.5107  Expression Loss 1.2833      HeadPose Loss 0.2274      LearningRate 0.000006   Epoch: 6   Global Step: 3749   Fp16 Grad Scale: 524288   Required: 18 hours


Training: 2026-06-05 16:15:08,758-Speed 157.70 samples/sec   Loss 1.5228  Expression Loss 1.3007      HeadPose Loss 0.2220      LearningRate 0.000006   Epoch: 6   Global Step: 3759   Fp16 Grad Scale: 524288   Required: 18 hours


Training: 2026-06-05 16:15:16,878-Speed 157.64 samples/sec   Loss 1.4737  Expression Loss 1.2541      HeadPose Loss 0.2197      LearningRate 0.000006   Epoch: 6   Global Step: 3769   Fp16 Grad Scale: 524288   Required: 18 hours


Training: 2026-06-05 16:15:24,998-Speed 157.64 samples/sec   Loss 1.5605  Expression Loss 1.3351      HeadPose Loss 0.2254      LearningRate 0.000006   Epoch: 6   Global Step: 3779   Fp16 Grad Scale: 524288   Required: 18 hours


Training: 2026-06-05 16:15:33,115-Speed 157.71 samples/sec   Loss 1.5636  Expression Loss 1.3567      HeadPose Loss 0.2069      LearningRate 0.000006   Epoch: 6   Global Step: 3789   Fp16 Grad Scale: 524288   Required: 18 hours


Training: 2026-06-05 16:15:41,232-Speed 157.71 samples/sec   Loss 1.4809  Expression Loss 1.2746      HeadPose Loss 0.2062      LearningRate 0.000006   Epoch: 6   Global Step: 3799   Fp16 Grad Scale: 524288   Required: 18 hours


Training: 2026-06-05 16:15:49,341-Speed 157.85 samples/sec   Loss 1.5311  Expression Loss 1.3212      HeadPose Loss 0.2099      LearningRate 0.000006   Epoch: 6   Global Step: 3809   Fp16 Grad Scale: 524288   Required: 18 hours


Training: 2026-06-05 16:15:57,458-Speed 157.70 samples/sec   Loss 1.5525  Expression Loss 1.3173      HeadPose Loss 0.2351      LearningRate 0.000006   Epoch: 6   Global Step: 3819   Fp16 Grad Scale: 524288   Required: 18 hours


Training: 2026-06-05 16:16:05,571-Speed 157.79 samples/sec   Loss 1.4608  Expression Loss 1.2521      HeadPose Loss 0.2087      LearningRate 0.000006   Epoch: 6   Global Step: 3829   Fp16 Grad Scale: 524288   Required: 18 hours


Training: 2026-06-05 16:16:13,678-Speed 157.91 samples/sec   Loss 1.5063  Expression Loss 1.2977      HeadPose Loss 0.2086      LearningRate 0.000006   Epoch: 6   Global Step: 3839   Fp16 Grad Scale: 524288   Required: 18 hours


Training: 2026-06-05 16:16:21,790-Speed 157.80 samples/sec   Loss 1.5584  Expression Loss 1.3174      HeadPose Loss 0.2410      LearningRate 0.000006   Epoch: 6   Global Step: 3849   Fp16 Grad Scale: 1048576   Required: 18 hours


/home/lslopes/.conda/envs/swin-det/lib/python3.7/site-packages/torchvision/transforms/functional.py:418: UserWarning: Argument 'interpolation' of type int is deprecated since 0.13 and will be removed in 0.15. Please use InterpolationMode enum.
  "Argument 'interpolation' of type int is deprecated since 0.13 and will be removed in 0.15. "
/home/lslopes/.conda/envs/swin-det/lib/python3.7/site-packages/torchvision/transforms/functional.py:418: UserWarning: Argument 'interpolation' of type int is deprecated since 0.13 and will be removed in 0.15. Please use InterpolationMode enum.
  "Argument 'interpolation' of type int is deprecated since 0.13 and will be removed in 0.15. "
Training: 2026-06-05 16:16:30,876-Speed 140.89 samples/sec   Loss 1.5118  Expression Loss 1.3030      HeadPose Loss 0.2088      LearningRate 0.000006   Epoch: 7   Global Step: 3859   Fp16 Grad Scale: 1048576   Required: 18 hours


Training: 2026-06-05 16:16:38,986-Speed 157.84 samples/sec   Loss 1.4655  Expression Loss 1.2370      HeadPose Loss 0.2285      LearningRate 0.000006   Epoch: 7   Global Step: 3869   Fp16 Grad Scale: 1048576   Required: 18 hours


Training: 2026-06-05 16:16:47,098-Speed 157.78 samples/sec   Loss 1.4386  Expression Loss 1.2336      HeadPose Loss 0.2050      LearningRate 0.000006   Epoch: 7   Global Step: 3879   Fp16 Grad Scale: 1048576   Required: 18 hours


Training: 2026-06-05 16:16:55,215-Speed 157.72 samples/sec   Loss 1.4971  Expression Loss 1.2888      HeadPose Loss 0.2082      LearningRate 0.000006   Epoch: 7   Global Step: 3889   Fp16 Grad Scale: 1048576   Required: 18 hours


Training: 2026-06-05 16:17:03,331-Speed 157.73 samples/sec   Loss 1.5073  Expression Loss 1.2874      HeadPose Loss 0.2199      LearningRate 0.000006   Epoch: 7   Global Step: 3899   Fp16 Grad Scale: 1048576   Required: 18 hours


Training: 2026-06-05 16:17:11,467-Speed 157.32 samples/sec   Loss 1.4304  Expression Loss 1.2359      HeadPose Loss 0.1945      LearningRate 0.000006   Epoch: 7   Global Step: 3909   Fp16 Grad Scale: 1048576   Required: 18 hours


Training: 2026-06-05 16:17:19,583-Speed 157.74 samples/sec   Loss 1.4909  Expression Loss 1.2612      HeadPose Loss 0.2298      LearningRate 0.000006   Epoch: 7   Global Step: 3919   Fp16 Grad Scale: 1048576   Required: 18 hours


Training: 2026-06-05 16:17:27,702-Speed 157.66 samples/sec   Loss 1.5891  Expression Loss 1.3627      HeadPose Loss 0.2264      LearningRate 0.000006   Epoch: 7   Global Step: 3929   Fp16 Grad Scale: 1048576   Required: 18 hours


Training: 2026-06-05 16:17:35,818-Speed 157.72 samples/sec   Loss 1.5642  Expression Loss 1.3345      HeadPose Loss 0.2297      LearningRate 0.000006   Epoch: 7   Global Step: 3939   Fp16 Grad Scale: 1048576   Required: 18 hours


Training: 2026-06-05 16:17:43,922-Speed 157.97 samples/sec   Loss 1.4603  Expression Loss 1.2382      HeadPose Loss 0.2221      LearningRate 0.000006   Epoch: 7   Global Step: 3949   Fp16 Grad Scale: 524288   Required: 18 hours


Training: 2026-06-05 16:17:52,037-Speed 157.74 samples/sec   Loss 1.5330  Expression Loss 1.3239      HeadPose Loss 0.2091      LearningRate 0.000006   Epoch: 7   Global Step: 3959   Fp16 Grad Scale: 524288   Required: 18 hours


Training: 2026-06-05 16:18:00,159-Speed 157.59 samples/sec   Loss 1.4503  Expression Loss 1.2459      HeadPose Loss 0.2044      LearningRate 0.000006   Epoch: 7   Global Step: 3969   Fp16 Grad Scale: 524288   Required: 18 hours


Training: 2026-06-05 16:18:08,267-Speed 157.89 samples/sec   Loss 1.5401  Expression Loss 1.3217      HeadPose Loss 0.2183      LearningRate 0.000006   Epoch: 7   Global Step: 3979   Fp16 Grad Scale: 524288   Required: 18 hours


Training: 2026-06-05 16:18:16,374-Speed 157.90 samples/sec   Loss 1.4545  Expression Loss 1.2444      HeadPose Loss 0.2100      LearningRate 0.000006   Epoch: 7   Global Step: 3989   Fp16 Grad Scale: 524288   Required: 18 hours


Training: 2026-06-05 16:18:24,486-Speed 157.80 samples/sec   Loss 1.4615  Expression Loss 1.2397      HeadPose Loss 0.2219      LearningRate 0.000006   Epoch: 7   Global Step: 3999   Fp16 Grad Scale: 524288   Required: 18 hours


Training: 2026-06-05 16:18:24,487-Val on RAF:
Training: 2026-06-05 16:18:24,727-Test: [0/103]	Time 0.240 (0.240)	Loss 2.0331 (2.0331)	Acc@1 25.000 (25.000)	Acc@3 60.938 (60.938)	Mem 10201MB
Training: 2026-06-05 16:18:26,070-Test: [10/103]	Time 0.134 (0.144)	Loss 2.2016 (2.2173)	Acc@1 23.438 (19.034)	Acc@3 59.375 (57.102)	Mem 10201MB
Training: 2026-06-05 16:18:27,413-Test: [20/103]	Time 0.134 (0.139)	Loss 2.2433 (2.2724)	Acc@1 17.188 (17.188)	Acc@3 45.312 (54.092)	Mem 10201MB
Training: 2026-06-05 16:18:28,756-Test: [30/103]	Time 0.134 (0.138)	Loss 2.4590 (2.2812)	Acc@1 14.062 (17.188)	Acc@3 57.812 (54.637)	Mem 10201MB
Training: 2026-06-05 16:18:30,100-Test: [40/103]	Time 0.134 (0.137)	Loss 2.0736 (2.2758)	Acc@1 18.750 (17.149)	Acc@3 57.812 (54.535)	Mem 10201MB
Training: 2026-06-05 16:18:31,443-Test: [50/103]	Time 0.134 (0.136)	Loss 2.5749 (2.2964)	Acc@1 14.062 (16.360)	Acc@3 48.438 (53.431)	Mem 10201MB
Training: 2026-06-05 16:18:32,786-Test: [60/103]	Time 0.134 (0.136)	Loss 2.3552 (2.2921)	Acc@1 10.938 (16.342)	Acc@3 54.688 (53.791)	Mem 10201MB
Training: 2026-06-05 16:18:34,129-Test: [70/103]	Time 0.134 (0.136)	Loss 2.2160 (2.2931)	Acc@1 21.875 (16.549)	Acc@3 53.125 (53.543)	Mem 10201MB
Training: 2026-06-05 16:18:35,472-Test: [80/103]	Time 0.134 (0.136)	Loss 2.4479 (2.2947)	Acc@1 12.500 (16.821)	Acc@3 46.875 (53.395)	Mem 10201MB
Training: 2026-06-05 16:18:36,816-Test: [90/103]	Time 0.134 (0.135)	Loss 2.1373 (2.2939)	Acc@1 21.875 (16.793)	Acc@3 64.062 (53.571)	Mem 10201MB
Training: 2026-06-05 16:18:38,160-Test: [100/103]	Time 0.135 (0.135)	Loss 1.9926 (2.2905)	Acc@1 20.312 (16.909)	Acc@3 62.500 (53.806)	Mem 10201MB
Training: 2026-06-05 16:18:38,423-[3999]Expression Loss: 2.29198
Training: 2026-06-05 16:18:38,423-[3999]Expression Acc@1: 16.83922
Training: 2026-06-05 16:18:38,423-[3999]Expression Acc@1-Highest: 16.83922
Training: 2026-06-05 16:18:38,423-[3999]Expression Acc@3: 53.71498
Training: 2026-06-05 16:18:38,423-[3999]Expression Acc@3-Highest: 53.71498
Training: 2026-06-05 16:18:38,423-[3999]10 Times Expression Acc@1: 13.52010
Training: 2026-06-05 16:18:38,423-[3999]10 Times Expression Acc@1-Highest: 13.52010
Training: 2026-06-05 16:18:38,425-Val on AFLW:
Training: 2026-06-05 16:18:39,843-Test: [0/69]	Time 1.417 (1.417)	Landmark MAE 0.624 (0.624)	Pose MAE 0.318 (0.318)	Mem 10201MB
Training: 2026-06-05 16:18:49,928-Test: [10/69]	Time 1.538 (1.046)	Landmark MAE 0.611 (0.608)	Pose MAE 0.256 (0.266)	Mem 10201MB
Training: 2026-06-05 16:19:00,215-Test: [20/69]	Time 1.119 (1.038)	Landmark MAE 0.593 (0.608)	Pose MAE 0.243 (0.275)	Mem 10201MB
Training: 2026-06-05 16:19:11,031-Test: [30/69]	Time 1.130 (1.052)	Landmark MAE 0.617 (0.608)	Pose MAE 0.211 (0.273)	Mem 10201MB
Training: 2026-06-05 16:19:20,341-Test: [40/69]	Time 0.648 (1.022)	Landmark MAE 0.619 (0.609)	Pose MAE 0.334 (0.275)	Mem 10201MB
Training: 2026-06-05 16:19:31,084-Test: [50/69]	Time 0.960 (1.033)	Landmark MAE 0.612 (0.609)	Pose MAE 0.264 (0.271)	Mem 10201MB
Training: 2026-06-05 16:19:41,075-Test: [60/69]	Time 1.489 (1.027)	Landmark MAE 0.633 (0.609)	Pose MAE 0.265 (0.271)	Mem 10201MB
Training: 2026-06-05 16:19:48,911-[3999]Landmark MAE: 0.60772
Training: 2026-06-05 16:19:48,911-[3999]Landmark MAE-Best: 0.60751
Training: 2026-06-05 16:19:48,911-[3999]Pose MAE: 0.26986
Training: 2026-06-05 16:19:48,911-[3999]Pose MAE-Best: 0.22176
Training: 2026-06-05 16:19:48,911-[3999]10 Times Avg MAE: 0.42671
Training: 2026-06-05 16:19:48,912-[3999]10 Times Avg MAE-Best: 0.41463
Training: 2026-06-05 16:20:00,475-Speed 13.33 samples/sec   Loss 1.4553  Expression Loss 1.2587      HeadPose Loss 0.1966      LearningRate 0.000006   Epoch: 7   Global Step: 4009   Fp16 Grad Scale: 524288   Required: 18 hours


Training: 2026-06-05 16:20:08,555-Speed 158.43 samples/sec   Loss 1.5489  Expression Loss 1.3185      HeadPose Loss 0.2304      LearningRate 0.000006   Epoch: 7   Global Step: 4019   Fp16 Grad Scale: 524288   Required: 18 hours


Training: 2026-06-05 16:20:16,646-Speed 158.20 samples/sec   Loss 1.4300  Expression Loss 1.2383      HeadPose Loss 0.1917      LearningRate 0.000006   Epoch: 7   Global Step: 4029   Fp16 Grad Scale: 524288   Required: 18 hours


Training: 2026-06-05 16:20:24,760-Speed 157.76 samples/sec   Loss 1.5349  Expression Loss 1.3169      HeadPose Loss 0.2180      LearningRate 0.000006   Epoch: 7   Global Step: 4039   Fp16 Grad Scale: 524288   Required: 18 hours


Training: 2026-06-05 16:20:32,855-Speed 158.13 samples/sec   Loss 1.4801  Expression Loss 1.2563      HeadPose Loss 0.2238      LearningRate 0.000006   Epoch: 7   Global Step: 4049   Fp16 Grad Scale: 1048576   Required: 18 hours


Training: 2026-06-05 16:20:40,966-Speed 157.84 samples/sec   Loss 1.5858  Expression Loss 1.3879      HeadPose Loss 0.1979      LearningRate 0.000006   Epoch: 7   Global Step: 4059   Fp16 Grad Scale: 1048576   Required: 18 hours


Training: 2026-06-05 16:20:49,076-Speed 157.83 samples/sec   Loss 1.4676  Expression Loss 1.2550      HeadPose Loss 0.2126      LearningRate 0.000006   Epoch: 7   Global Step: 4069   Fp16 Grad Scale: 1048576   Required: 18 hours


Training: 2026-06-05 16:20:57,192-Speed 157.72 samples/sec   Loss 1.4700  Expression Loss 1.2632      HeadPose Loss 0.2069      LearningRate 0.000006   Epoch: 7   Global Step: 4079   Fp16 Grad Scale: 1048576   Required: 18 hours


Training: 2026-06-05 16:21:05,308-Speed 157.71 samples/sec   Loss 1.4925  Expression Loss 1.2722      HeadPose Loss 0.2203      LearningRate 0.000006   Epoch: 7   Global Step: 4089   Fp16 Grad Scale: 1048576   Required: 18 hours


Training: 2026-06-05 16:21:13,423-Speed 157.74 samples/sec   Loss 1.4179  Expression Loss 1.2053      HeadPose Loss 0.2126      LearningRate 0.000006   Epoch: 7   Global Step: 4099   Fp16 Grad Scale: 1048576   Required: 18 hours


Training: 2026-06-05 16:21:21,540-Speed 157.71 samples/sec   Loss 1.4445  Expression Loss 1.2282      HeadPose Loss 0.2163      LearningRate 0.000006   Epoch: 7   Global Step: 4109   Fp16 Grad Scale: 1048576   Required: 18 hours


Training: 2026-06-05 16:21:29,671-Speed 157.44 samples/sec   Loss 1.5445  Expression Loss 1.3300      HeadPose Loss 0.2145      LearningRate 0.000006   Epoch: 7   Global Step: 4119   Fp16 Grad Scale: 1048576   Required: 18 hours


Training: 2026-06-05 16:21:37,789-Speed 157.68 samples/sec   Loss 1.5365  Expression Loss 1.3003      HeadPose Loss 0.2362      LearningRate 0.000007   Epoch: 7   Global Step: 4129   Fp16 Grad Scale: 1048576   Required: 18 hours


Training: 2026-06-05 16:21:45,906-Speed 157.70 samples/sec   Loss 1.5605  Expression Loss 1.3384      HeadPose Loss 0.2221      LearningRate 0.000007   Epoch: 7   Global Step: 4139   Fp16 Grad Scale: 1048576   Required: 18 hours


Training: 2026-06-05 16:21:54,012-Speed 157.92 samples/sec   Loss 1.4959  Expression Loss 1.2680      HeadPose Loss 0.2279      LearningRate 0.000007   Epoch: 7   Global Step: 4149   Fp16 Grad Scale: 1048576   Required: 18 hours


Training: 2026-06-05 16:22:02,126-Speed 157.75 samples/sec   Loss 1.4793  Expression Loss 1.2627      HeadPose Loss 0.2166      LearningRate 0.000007   Epoch: 7   Global Step: 4159   Fp16 Grad Scale: 1048576   Required: 18 hours


Training: 2026-06-05 16:22:10,237-Speed 157.83 samples/sec   Loss 1.5564  Expression Loss 1.3373      HeadPose Loss 0.2190      LearningRate 0.000007   Epoch: 7   Global Step: 4169   Fp16 Grad Scale: 1048576   Required: 18 hours


Training: 2026-06-05 16:22:18,346-Speed 157.86 samples/sec   Loss 1.5101  Expression Loss 1.2802      HeadPose Loss 0.2298      LearningRate 0.000007   Epoch: 7   Global Step: 4179   Fp16 Grad Scale: 1048576   Required: 18 hours


Training: 2026-06-05 16:22:26,461-Speed 157.73 samples/sec   Loss 1.5228  Expression Loss 1.3242      HeadPose Loss 0.1986      LearningRate 0.000007   Epoch: 7   Global Step: 4189   Fp16 Grad Scale: 1048576   Required: 18 hours


Training: 2026-06-05 16:22:34,598-Speed 157.33 samples/sec   Loss 1.4927  Expression Loss 1.2845      HeadPose Loss 0.2083      LearningRate 0.000007   Epoch: 7   Global Step: 4199   Fp16 Grad Scale: 1048576   Required: 18 hours


Training: 2026-06-05 16:22:42,718-Speed 157.64 samples/sec   Loss 1.5198  Expression Loss 1.2908      HeadPose Loss 0.2290      LearningRate 0.000007   Epoch: 7   Global Step: 4209   Fp16 Grad Scale: 1048576   Required: 18 hours


Training: 2026-06-05 16:22:50,821-Speed 157.97 samples/sec   Loss 1.4781  Expression Loss 1.2593      HeadPose Loss 0.2189      LearningRate 0.000007   Epoch: 7   Global Step: 4219   Fp16 Grad Scale: 1048576   Required: 18 hours


Training: 2026-06-05 16:22:58,934-Speed 157.79 samples/sec   Loss 1.4429  Expression Loss 1.2410      HeadPose Loss 0.2018      LearningRate 0.000007   Epoch: 7   Global Step: 4229   Fp16 Grad Scale: 1048576   Required: 18 hours


Training: 2026-06-05 16:23:07,062-Speed 157.49 samples/sec   Loss 1.5194  Expression Loss 1.3281      HeadPose Loss 0.1913      LearningRate 0.000007   Epoch: 7   Global Step: 4239   Fp16 Grad Scale: 1048576   Required: 18 hours


Training: 2026-06-05 16:23:15,167-Speed 157.93 samples/sec   Loss 1.5555  Expression Loss 1.3492      HeadPose Loss 0.2063      LearningRate 0.000007   Epoch: 7   Global Step: 4249   Fp16 Grad Scale: 1048576   Required: 18 hours


Training: 2026-06-05 16:23:23,295-Speed 157.49 samples/sec   Loss 1.5021  Expression Loss 1.2608      HeadPose Loss 0.2413      LearningRate 0.000007   Epoch: 7   Global Step: 4259   Fp16 Grad Scale: 1048576   Required: 18 hours


Training: 2026-06-05 16:23:31,404-Speed 157.86 samples/sec   Loss 1.4711  Expression Loss 1.2711      HeadPose Loss 0.2000      LearningRate 0.000007   Epoch: 7   Global Step: 4269   Fp16 Grad Scale: 1048576   Required: 18 hours


Training: 2026-06-05 16:23:39,515-Speed 157.82 samples/sec   Loss 1.5129  Expression Loss 1.2850      HeadPose Loss 0.2279      LearningRate 0.000007   Epoch: 7   Global Step: 4279   Fp16 Grad Scale: 1048576   Required: 18 hours


Training: 2026-06-05 16:23:47,623-Speed 157.88 samples/sec   Loss 1.4944  Expression Loss 1.2734      HeadPose Loss 0.2210      LearningRate 0.000007   Epoch: 7   Global Step: 4289   Fp16 Grad Scale: 1048576   Required: 18 hours


Training: 2026-06-05 16:23:55,731-Speed 157.86 samples/sec   Loss 1.5148  Expression Loss 1.3057      HeadPose Loss 0.2091      LearningRate 0.000007   Epoch: 7   Global Step: 4299   Fp16 Grad Scale: 1048576   Required: 18 hours


Training: 2026-06-05 16:24:03,839-Speed 157.89 samples/sec   Loss 1.5673  Expression Loss 1.3631      HeadPose Loss 0.2042      LearningRate 0.000007   Epoch: 7   Global Step: 4309   Fp16 Grad Scale: 1048576   Required: 18 hours


Training: 2026-06-05 16:24:11,952-Speed 157.78 samples/sec   Loss 1.5531  Expression Loss 1.3399      HeadPose Loss 0.2132      LearningRate 0.000007   Epoch: 7   Global Step: 4319   Fp16 Grad Scale: 1048576   Required: 18 hours


Training: 2026-06-05 16:24:20,072-Speed 157.65 samples/sec   Loss 1.5095  Expression Loss 1.2944      HeadPose Loss 0.2151      LearningRate 0.000007   Epoch: 7   Global Step: 4329   Fp16 Grad Scale: 1048576   Required: 18 hours


Training: 2026-06-05 16:24:28,192-Speed 157.65 samples/sec   Loss 1.4831  Expression Loss 1.2490      HeadPose Loss 0.2340      LearningRate 0.000007   Epoch: 7   Global Step: 4339   Fp16 Grad Scale: 1048576   Required: 18 hours


Training: 2026-06-05 16:24:36,299-Speed 157.89 samples/sec   Loss 1.4678  Expression Loss 1.2476      HeadPose Loss 0.2202      LearningRate 0.000007   Epoch: 7   Global Step: 4349   Fp16 Grad Scale: 1048576   Required: 18 hours


Training: 2026-06-05 16:24:44,424-Speed 157.55 samples/sec   Loss 1.5109  Expression Loss 1.2876      HeadPose Loss 0.2233      LearningRate 0.000007   Epoch: 7   Global Step: 4359   Fp16 Grad Scale: 1048576   Required: 18 hours


Training: 2026-06-05 16:24:52,543-Speed 157.68 samples/sec   Loss 1.4509  Expression Loss 1.2270      HeadPose Loss 0.2239      LearningRate 0.000007   Epoch: 7   Global Step: 4369   Fp16 Grad Scale: 1048576   Required: 18 hours


Training: 2026-06-05 16:25:00,667-Speed 157.56 samples/sec   Loss 1.4856  Expression Loss 1.2450      HeadPose Loss 0.2406      LearningRate 0.000007   Epoch: 7   Global Step: 4379   Fp16 Grad Scale: 1048576   Required: 18 hours


Training: 2026-06-05 16:25:08,786-Speed 157.67 samples/sec   Loss 1.5047  Expression Loss 1.2921      HeadPose Loss 0.2126      LearningRate 0.000007   Epoch: 7   Global Step: 4389   Fp16 Grad Scale: 1048576   Required: 18 hours


Training: 2026-06-05 16:25:16,908-Speed 157.60 samples/sec   Loss 1.4920  Expression Loss 1.2673      HeadPose Loss 0.2247      LearningRate 0.000007   Epoch: 7   Global Step: 4399   Fp16 Grad Scale: 1048576   Required: 18 hours


/home/lslopes/.conda/envs/swin-det/lib/python3.7/site-packages/torchvision/transforms/functional.py:418: UserWarning: Argument 'interpolation' of type int is deprecated since 0.13 and will be removed in 0.15. Please use InterpolationMode enum.
  "Argument 'interpolation' of type int is deprecated since 0.13 and will be removed in 0.15. "
/home/lslopes/.conda/envs/swin-det/lib/python3.7/site-packages/torchvision/transforms/functional.py:418: UserWarning: Argument 'interpolation' of type int is deprecated since 0.13 and will be removed in 0.15. Please use InterpolationMode enum.
  "Argument 'interpolation' of type int is deprecated since 0.13 and will be removed in 0.15. "
Training: 2026-06-05 16:25:26,275-Speed 136.66 samples/sec   Loss 1.4222  Expression Loss 1.1917      HeadPose Loss 0.2304      LearningRate 0.000007   Epoch: 8   Global Step: 4409   Fp16 Grad Scale: 1048576   Required: 18 hours


Training: 2026-06-05 16:25:34,398-Speed 157.58 samples/sec   Loss 1.4142  Expression Loss 1.2059      HeadPose Loss 0.2082      LearningRate 0.000007   Epoch: 8   Global Step: 4419   Fp16 Grad Scale: 1048576   Required: 18 hours


Training: 2026-06-05 16:25:42,515-Speed 157.71 samples/sec   Loss 1.4924  Expression Loss 1.2679      HeadPose Loss 0.2245      LearningRate 0.000007   Epoch: 8   Global Step: 4429   Fp16 Grad Scale: 1048576   Required: 18 hours


Training: 2026-06-05 16:25:50,629-Speed 157.77 samples/sec   Loss 1.4742  Expression Loss 1.2870      HeadPose Loss 0.1872      LearningRate 0.000007   Epoch: 8   Global Step: 4439   Fp16 Grad Scale: 1048576   Required: 18 hours


Training: 2026-06-05 16:25:59,057-Speed 151.88 samples/sec   Loss 1.4419  Expression Loss 1.2447      HeadPose Loss 0.1972      LearningRate 0.000007   Epoch: 8   Global Step: 4449   Fp16 Grad Scale: 1048576   Required: 18 hours


Training: 2026-06-05 16:26:07,174-Speed 157.72 samples/sec   Loss 1.4675  Expression Loss 1.2889      HeadPose Loss 0.1785      LearningRate 0.000007   Epoch: 8   Global Step: 4459   Fp16 Grad Scale: 1048576   Required: 18 hours


Training: 2026-06-05 16:26:15,288-Speed 157.75 samples/sec   Loss 1.4016  Expression Loss 1.2241      HeadPose Loss 0.1774      LearningRate 0.000007   Epoch: 8   Global Step: 4469   Fp16 Grad Scale: 1048576   Required: 18 hours


Training: 2026-06-05 16:26:23,383-Speed 158.14 samples/sec   Loss 1.4762  Expression Loss 1.2635      HeadPose Loss 0.2127      LearningRate 0.000007   Epoch: 8   Global Step: 4479   Fp16 Grad Scale: 524288   Required: 18 hours


Training: 2026-06-05 16:26:31,500-Speed 157.70 samples/sec   Loss 1.5617  Expression Loss 1.3240      HeadPose Loss 0.2377      LearningRate 0.000007   Epoch: 8   Global Step: 4489   Fp16 Grad Scale: 524288   Required: 18 hours


Training: 2026-06-05 16:26:39,610-Speed 157.83 samples/sec   Loss 1.4081  Expression Loss 1.1962      HeadPose Loss 0.2119      LearningRate 0.000007   Epoch: 8   Global Step: 4499   Fp16 Grad Scale: 524288   Required: 18 hours


Training: 2026-06-05 16:26:47,722-Speed 157.81 samples/sec   Loss 1.4761  Expression Loss 1.2544      HeadPose Loss 0.2218      LearningRate 0.000007   Epoch: 8   Global Step: 4509   Fp16 Grad Scale: 524288   Required: 18 hours


Training: 2026-06-05 16:26:55,826-Speed 157.95 samples/sec   Loss 1.3487  Expression Loss 1.1329      HeadPose Loss 0.2158      LearningRate 0.000007   Epoch: 8   Global Step: 4519   Fp16 Grad Scale: 524288   Required: 18 hours


Training: 2026-06-05 16:27:03,943-Speed 157.70 samples/sec   Loss 1.4447  Expression Loss 1.2296      HeadPose Loss 0.2152      LearningRate 0.000007   Epoch: 8   Global Step: 4529   Fp16 Grad Scale: 524288   Required: 18 hours


Training: 2026-06-05 16:27:12,060-Speed 157.71 samples/sec   Loss 1.5244  Expression Loss 1.3264      HeadPose Loss 0.1980      LearningRate 0.000007   Epoch: 8   Global Step: 4539   Fp16 Grad Scale: 524288   Required: 18 hours


Training: 2026-06-05 16:27:20,174-Speed 157.74 samples/sec   Loss 1.4270  Expression Loss 1.2328      HeadPose Loss 0.1942      LearningRate 0.000007   Epoch: 8   Global Step: 4549   Fp16 Grad Scale: 524288   Required: 18 hours


Training: 2026-06-05 16:27:28,311-Speed 157.32 samples/sec   Loss 1.4388  Expression Loss 1.2408      HeadPose Loss 0.1980      LearningRate 0.000007   Epoch: 8   Global Step: 4559   Fp16 Grad Scale: 524288   Required: 18 hours


Training: 2026-06-05 16:27:36,459-Speed 157.11 samples/sec   Loss 1.4730  Expression Loss 1.2603      HeadPose Loss 0.2127      LearningRate 0.000007   Epoch: 8   Global Step: 4569   Fp16 Grad Scale: 524288   Required: 18 hours


Training: 2026-06-05 16:27:44,598-Speed 157.28 samples/sec   Loss 1.4732  Expression Loss 1.2580      HeadPose Loss 0.2152      LearningRate 0.000007   Epoch: 8   Global Step: 4579   Fp16 Grad Scale: 1048576   Required: 18 hours


Training: 2026-06-05 16:27:52,734-Speed 157.34 samples/sec   Loss 1.4772  Expression Loss 1.2347      HeadPose Loss 0.2425      LearningRate 0.000007   Epoch: 8   Global Step: 4589   Fp16 Grad Scale: 1048576   Required: 18 hours


Training: 2026-06-05 16:28:00,877-Speed 157.20 samples/sec   Loss 1.4451  Expression Loss 1.2374      HeadPose Loss 0.2076      LearningRate 0.000007   Epoch: 8   Global Step: 4599   Fp16 Grad Scale: 1048576   Required: 18 hours


Training: 2026-06-05 16:28:09,021-Speed 157.17 samples/sec   Loss 1.5486  Expression Loss 1.3212      HeadPose Loss 0.2274      LearningRate 0.000007   Epoch: 8   Global Step: 4609   Fp16 Grad Scale: 1048576   Required: 18 hours


Training: 2026-06-05 16:28:17,453-Speed 151.81 samples/sec   Loss 1.5099  Expression Loss 1.2939      HeadPose Loss 0.2159      LearningRate 0.000007   Epoch: 8   Global Step: 4619   Fp16 Grad Scale: 1048576   Required: 18 hours


Training: 2026-06-05 16:28:25,578-Speed 157.55 samples/sec   Loss 1.4653  Expression Loss 1.2501      HeadPose Loss 0.2152      LearningRate 0.000007   Epoch: 8   Global Step: 4629   Fp16 Grad Scale: 1048576   Required: 18 hours


Training: 2026-06-05 16:28:33,680-Speed 158.01 samples/sec   Loss 1.4887  Expression Loss 1.2817      HeadPose Loss 0.2069      LearningRate 0.000007   Epoch: 8   Global Step: 4639   Fp16 Grad Scale: 524288   Required: 18 hours


Training: 2026-06-05 16:28:41,793-Speed 157.77 samples/sec   Loss 1.4217  Expression Loss 1.2200      HeadPose Loss 0.2017      LearningRate 0.000007   Epoch: 8   Global Step: 4649   Fp16 Grad Scale: 524288   Required: 18 hours


Training: 2026-06-05 16:28:49,913-Speed 157.64 samples/sec   Loss 1.4195  Expression Loss 1.2066      HeadPose Loss 0.2129      LearningRate 0.000007   Epoch: 8   Global Step: 4659   Fp16 Grad Scale: 524288   Required: 18 hours


Training: 2026-06-05 16:28:58,034-Speed 157.64 samples/sec   Loss 1.5174  Expression Loss 1.2890      HeadPose Loss 0.2283      LearningRate 0.000007   Epoch: 8   Global Step: 4669   Fp16 Grad Scale: 524288   Required: 18 hours


Training: 2026-06-05 16:29:06,150-Speed 157.72 samples/sec   Loss 1.5280  Expression Loss 1.2923      HeadPose Loss 0.2357      LearningRate 0.000007   Epoch: 8   Global Step: 4679   Fp16 Grad Scale: 524288   Required: 18 hours


Training: 2026-06-05 16:29:14,277-Speed 157.49 samples/sec   Loss 1.5415  Expression Loss 1.3471      HeadPose Loss 0.1945      LearningRate 0.000007   Epoch: 8   Global Step: 4689   Fp16 Grad Scale: 524288   Required: 18 hours


Training: 2026-06-05 16:29:22,398-Speed 157.64 samples/sec   Loss 1.4349  Expression Loss 1.2392      HeadPose Loss 0.1957      LearningRate 0.000007   Epoch: 8   Global Step: 4699   Fp16 Grad Scale: 524288   Required: 18 hours


Training: 2026-06-05 16:29:30,519-Speed 157.62 samples/sec   Loss 1.4478  Expression Loss 1.2260      HeadPose Loss 0.2218      LearningRate 0.000007   Epoch: 8   Global Step: 4709   Fp16 Grad Scale: 524288   Required: 18 hours


Training: 2026-06-05 16:29:38,647-Speed 157.49 samples/sec   Loss 1.4885  Expression Loss 1.2588      HeadPose Loss 0.2297      LearningRate 0.000007   Epoch: 8   Global Step: 4719   Fp16 Grad Scale: 524288   Required: 18 hours


Training: 2026-06-05 16:29:46,766-Speed 157.67 samples/sec   Loss 1.4667  Expression Loss 1.2779      HeadPose Loss 0.1888      LearningRate 0.000007   Epoch: 8   Global Step: 4729   Fp16 Grad Scale: 524288   Required: 18 hours


Training: 2026-06-05 16:29:54,891-Speed 157.55 samples/sec   Loss 1.4681  Expression Loss 1.2551      HeadPose Loss 0.2130      LearningRate 0.000007   Epoch: 8   Global Step: 4739   Fp16 Grad Scale: 1048576   Required: 18 hours


Training: 2026-06-05 16:30:03,011-Speed 157.64 samples/sec   Loss 1.4891  Expression Loss 1.2704      HeadPose Loss 0.2187      LearningRate 0.000007   Epoch: 8   Global Step: 4749   Fp16 Grad Scale: 1048576   Required: 18 hours


Training: 2026-06-05 16:30:11,128-Speed 157.70 samples/sec   Loss 1.4114  Expression Loss 1.2198      HeadPose Loss 0.1916      LearningRate 0.000007   Epoch: 8   Global Step: 4759   Fp16 Grad Scale: 1048576   Required: 18 hours


Training: 2026-06-05 16:30:19,259-Speed 157.44 samples/sec   Loss 1.4804  Expression Loss 1.2828      HeadPose Loss 0.1976      LearningRate 0.000008   Epoch: 8   Global Step: 4769   Fp16 Grad Scale: 1048576   Required: 18 hours


Training: 2026-06-05 16:30:27,370-Speed 157.80 samples/sec   Loss 1.5150  Expression Loss 1.3072      HeadPose Loss 0.2077      LearningRate 0.000008   Epoch: 8   Global Step: 4779   Fp16 Grad Scale: 1048576   Required: 18 hours


Training: 2026-06-05 16:30:35,483-Speed 157.80 samples/sec   Loss 1.4802  Expression Loss 1.2838      HeadPose Loss 0.1965      LearningRate 0.000008   Epoch: 8   Global Step: 4789   Fp16 Grad Scale: 1048576   Required: 18 hours


Training: 2026-06-05 16:30:43,591-Speed 157.87 samples/sec   Loss 1.4728  Expression Loss 1.2512      HeadPose Loss 0.2216      LearningRate 0.000008   Epoch: 8   Global Step: 4799   Fp16 Grad Scale: 524288   Required: 18 hours


Training: 2026-06-05 16:30:51,706-Speed 157.74 samples/sec   Loss 1.4125  Expression Loss 1.2173      HeadPose Loss 0.1952      LearningRate 0.000008   Epoch: 8   Global Step: 4809   Fp16 Grad Scale: 524288   Required: 18 hours


Training: 2026-06-05 16:30:59,828-Speed 157.61 samples/sec   Loss 1.4904  Expression Loss 1.2906      HeadPose Loss 0.1998      LearningRate 0.000008   Epoch: 8   Global Step: 4819   Fp16 Grad Scale: 524288   Required: 18 hours


Training: 2026-06-05 16:31:07,938-Speed 157.83 samples/sec   Loss 1.4389  Expression Loss 1.2150      HeadPose Loss 0.2239      LearningRate 0.000008   Epoch: 8   Global Step: 4829   Fp16 Grad Scale: 524288   Required: 18 hours


Training: 2026-06-05 16:31:16,055-Speed 157.71 samples/sec   Loss 1.4205  Expression Loss 1.2116      HeadPose Loss 0.2089      LearningRate 0.000008   Epoch: 8   Global Step: 4839   Fp16 Grad Scale: 524288   Required: 18 hours


Training: 2026-06-05 16:31:24,177-Speed 157.61 samples/sec   Loss 1.4244  Expression Loss 1.2210      HeadPose Loss 0.2034      LearningRate 0.000008   Epoch: 8   Global Step: 4849   Fp16 Grad Scale: 524288   Required: 18 hours


Training: 2026-06-05 16:31:32,294-Speed 157.70 samples/sec   Loss 1.4616  Expression Loss 1.2651      HeadPose Loss 0.1965      LearningRate 0.000008   Epoch: 8   Global Step: 4859   Fp16 Grad Scale: 524288   Required: 18 hours


Training: 2026-06-05 16:31:40,394-Speed 158.03 samples/sec   Loss 1.5186  Expression Loss 1.2959      HeadPose Loss 0.2227      LearningRate 0.000008   Epoch: 8   Global Step: 4869   Fp16 Grad Scale: 524288   Required: 18 hours


Training: 2026-06-05 16:31:48,505-Speed 157.82 samples/sec   Loss 1.4977  Expression Loss 1.3073      HeadPose Loss 0.1903      LearningRate 0.000008   Epoch: 8   Global Step: 4879   Fp16 Grad Scale: 524288   Required: 18 hours


Training: 2026-06-05 16:31:56,628-Speed 157.60 samples/sec   Loss 1.4487  Expression Loss 1.2319      HeadPose Loss 0.2168      LearningRate 0.000008   Epoch: 8   Global Step: 4889   Fp16 Grad Scale: 524288   Required: 18 hours


Training: 2026-06-05 16:32:04,747-Speed 157.65 samples/sec   Loss 1.3785  Expression Loss 1.1763      HeadPose Loss 0.2022      LearningRate 0.000008   Epoch: 8   Global Step: 4899   Fp16 Grad Scale: 1048576   Required: 18 hours


Training: 2026-06-05 16:32:12,850-Speed 157.99 samples/sec   Loss 1.5593  Expression Loss 1.3360      HeadPose Loss 0.2233      LearningRate 0.000008   Epoch: 8   Global Step: 4909   Fp16 Grad Scale: 1048576   Required: 18 hours


Training: 2026-06-05 16:32:20,952-Speed 157.99 samples/sec   Loss 1.5327  Expression Loss 1.3105      HeadPose Loss 0.2222      LearningRate 0.000008   Epoch: 8   Global Step: 4919   Fp16 Grad Scale: 524288   Required: 18 hours


Training: 2026-06-05 16:32:29,060-Speed 157.88 samples/sec   Loss 1.4638  Expression Loss 1.2193      HeadPose Loss 0.2445      LearningRate 0.000008   Epoch: 8   Global Step: 4929   Fp16 Grad Scale: 524288   Required: 18 hours


Training: 2026-06-05 16:32:37,167-Speed 157.89 samples/sec   Loss 1.5227  Expression Loss 1.2987      HeadPose Loss 0.2240      LearningRate 0.000008   Epoch: 8   Global Step: 4939   Fp16 Grad Scale: 524288   Required: 18 hours


Training: 2026-06-05 16:32:45,268-Speed 158.02 samples/sec   Loss 1.4873  Expression Loss 1.2813      HeadPose Loss 0.2060      LearningRate 0.000008   Epoch: 8   Global Step: 4949   Fp16 Grad Scale: 524288   Required: 18 hours


/home/lslopes/.conda/envs/swin-det/lib/python3.7/site-packages/torchvision/transforms/functional.py:418: UserWarning: Argument 'interpolation' of type int is deprecated since 0.13 and will be removed in 0.15. Please use InterpolationMode enum.
  "Argument 'interpolation' of type int is deprecated since 0.13 and will be removed in 0.15. "
/home/lslopes/.conda/envs/swin-det/lib/python3.7/site-packages/torchvision/transforms/functional.py:418: UserWarning: Argument 'interpolation' of type int is deprecated since 0.13 and will be removed in 0.15. Please use InterpolationMode enum.
  "Argument 'interpolation' of type int is deprecated since 0.13 and will be removed in 0.15. "
Training: 2026-06-05 16:32:54,302-Speed 141.69 samples/sec   Loss 1.3965  Expression Loss 1.2110      HeadPose Loss 0.1855      LearningRate 0.000008   Epoch: 9   Global Step: 4959   Fp16 Grad Scale: 524288   Required: 18 hours


Training: 2026-06-05 16:33:02,420-Speed 157.68 samples/sec   Loss 1.4307  Expression Loss 1.2403      HeadPose Loss 0.1903      LearningRate 0.000008   Epoch: 9   Global Step: 4969   Fp16 Grad Scale: 524288   Required: 18 hours


Training: 2026-06-05 16:33:10,539-Speed 157.67 samples/sec   Loss 1.4395  Expression Loss 1.2352      HeadPose Loss 0.2042      LearningRate 0.000008   Epoch: 9   Global Step: 4979   Fp16 Grad Scale: 524288   Required: 18 hours


Training: 2026-06-05 16:33:18,657-Speed 157.68 samples/sec   Loss 1.4758  Expression Loss 1.2631      HeadPose Loss 0.2127      LearningRate 0.000008   Epoch: 9   Global Step: 4989   Fp16 Grad Scale: 524288   Required: 18 hours


Training: 2026-06-05 16:33:26,782-Speed 157.56 samples/sec   Loss 1.4836  Expression Loss 1.2598      HeadPose Loss 0.2237      LearningRate 0.000008   Epoch: 9   Global Step: 4999   Fp16 Grad Scale: 524288   Required: 18 hours


Training: 2026-06-05 16:33:34,903-Speed 157.63 samples/sec   Loss 1.4935  Expression Loss 1.2735      HeadPose Loss 0.2200      LearningRate 0.000008   Epoch: 9   Global Step: 5009   Fp16 Grad Scale: 524288   Required: 18 hours


Training: 2026-06-05 16:33:43,007-Speed 157.96 samples/sec   Loss 1.4442  Expression Loss 1.2259      HeadPose Loss 0.2183      LearningRate 0.000008   Epoch: 9   Global Step: 5019   Fp16 Grad Scale: 524288   Required: 18 hours


Training: 2026-06-05 16:33:51,127-Speed 157.63 samples/sec   Loss 1.4631  Expression Loss 1.2784      HeadPose Loss 0.1847      LearningRate 0.000008   Epoch: 9   Global Step: 5029   Fp16 Grad Scale: 524288   Required: 18 hours


Training: 2026-06-05 16:33:59,238-Speed 157.83 samples/sec   Loss 1.5071  Expression Loss 1.2880      HeadPose Loss 0.2192      LearningRate 0.000008   Epoch: 9   Global Step: 5039   Fp16 Grad Scale: 524288   Required: 18 hours


Training: 2026-06-05 16:34:07,352-Speed 157.77 samples/sec   Loss 1.4942  Expression Loss 1.2842      HeadPose Loss 0.2100      LearningRate 0.000008   Epoch: 9   Global Step: 5049   Fp16 Grad Scale: 524288   Required: 18 hours


Training: 2026-06-05 16:34:15,475-Speed 157.59 samples/sec   Loss 1.4553  Expression Loss 1.2348      HeadPose Loss 0.2205      LearningRate 0.000008   Epoch: 9   Global Step: 5059   Fp16 Grad Scale: 524288   Required: 18 hours


Training: 2026-06-05 16:34:23,597-Speed 157.59 samples/sec   Loss 1.5375  Expression Loss 1.3200      HeadPose Loss 0.2175      LearningRate 0.000008   Epoch: 9   Global Step: 5069   Fp16 Grad Scale: 524288   Required: 18 hours


Training: 2026-06-05 16:34:31,722-Speed 157.55 samples/sec   Loss 1.4373  Expression Loss 1.2273      HeadPose Loss 0.2100      LearningRate 0.000008   Epoch: 9   Global Step: 5079   Fp16 Grad Scale: 524288   Required: 18 hours


Training: 2026-06-05 16:34:39,835-Speed 157.78 samples/sec   Loss 1.4621  Expression Loss 1.2592      HeadPose Loss 0.2029      LearningRate 0.000008   Epoch: 9   Global Step: 5089   Fp16 Grad Scale: 524288   Required: 18 hours


Training: 2026-06-05 16:34:47,975-Speed 157.26 samples/sec   Loss 1.4900  Expression Loss 1.2784      HeadPose Loss 0.2116      LearningRate 0.000008   Epoch: 9   Global Step: 5099   Fp16 Grad Scale: 524288   Required: 18 hours


Training: 2026-06-05 16:34:56,096-Speed 157.62 samples/sec   Loss 1.5026  Expression Loss 1.3006      HeadPose Loss 0.2020      LearningRate 0.000008   Epoch: 9   Global Step: 5109   Fp16 Grad Scale: 524288   Required: 18 hours


Training: 2026-06-05 16:35:04,222-Speed 157.53 samples/sec   Loss 1.4464  Expression Loss 1.2409      HeadPose Loss 0.2055      LearningRate 0.000008   Epoch: 9   Global Step: 5119   Fp16 Grad Scale: 1048576   Required: 18 hours


Training: 2026-06-05 16:35:12,358-Speed 157.35 samples/sec   Loss 1.4561  Expression Loss 1.2405      HeadPose Loss 0.2156      LearningRate 0.000008   Epoch: 9   Global Step: 5129   Fp16 Grad Scale: 1048576   Required: 18 hours


Training: 2026-06-05 16:35:20,482-Speed 157.58 samples/sec   Loss 1.4875  Expression Loss 1.2498      HeadPose Loss 0.2376      LearningRate 0.000008   Epoch: 9   Global Step: 5139   Fp16 Grad Scale: 1048576   Required: 18 hours


Training: 2026-06-05 16:35:28,603-Speed 157.62 samples/sec   Loss 1.4502  Expression Loss 1.2255      HeadPose Loss 0.2246      LearningRate 0.000008   Epoch: 9   Global Step: 5149   Fp16 Grad Scale: 1048576   Required: 18 hours


Training: 2026-06-05 16:35:36,704-Speed 158.01 samples/sec   Loss 1.4568  Expression Loss 1.2493      HeadPose Loss 0.2075      LearningRate 0.000008   Epoch: 9   Global Step: 5159   Fp16 Grad Scale: 524288   Required: 18 hours


Training: 2026-06-05 16:35:44,826-Speed 157.60 samples/sec   Loss 1.4156  Expression Loss 1.2141      HeadPose Loss 0.2016      LearningRate 0.000008   Epoch: 9   Global Step: 5169   Fp16 Grad Scale: 524288   Required: 18 hours


Training: 2026-06-05 16:35:52,939-Speed 157.79 samples/sec   Loss 1.4393  Expression Loss 1.2547      HeadPose Loss 0.1846      LearningRate 0.000008   Epoch: 9   Global Step: 5179   Fp16 Grad Scale: 524288   Required: 18 hours


Training: 2026-06-05 16:36:01,052-Speed 157.78 samples/sec   Loss 1.4804  Expression Loss 1.2728      HeadPose Loss 0.2076      LearningRate 0.000008   Epoch: 9   Global Step: 5189   Fp16 Grad Scale: 524288   Required: 18 hours


Training: 2026-06-05 16:36:09,174-Speed 157.60 samples/sec   Loss 1.5246  Expression Loss 1.3111      HeadPose Loss 0.2135      LearningRate 0.000008   Epoch: 9   Global Step: 5199   Fp16 Grad Scale: 524288   Required: 18 hours


Training: 2026-06-05 16:36:17,296-Speed 157.61 samples/sec   Loss 1.4656  Expression Loss 1.2682      HeadPose Loss 0.1974      LearningRate 0.000008   Epoch: 9   Global Step: 5209   Fp16 Grad Scale: 524288   Required: 18 hours


Training: 2026-06-05 16:36:25,427-Speed 157.44 samples/sec   Loss 1.3907  Expression Loss 1.1876      HeadPose Loss 0.2031      LearningRate 0.000008   Epoch: 9   Global Step: 5219   Fp16 Grad Scale: 524288   Required: 18 hours


Training: 2026-06-05 16:36:33,556-Speed 157.47 samples/sec   Loss 1.3971  Expression Loss 1.1917      HeadPose Loss 0.2054      LearningRate 0.000008   Epoch: 9   Global Step: 5229   Fp16 Grad Scale: 524288   Required: 18 hours


Training: 2026-06-05 16:36:41,682-Speed 157.53 samples/sec   Loss 1.4592  Expression Loss 1.2372      HeadPose Loss 0.2221      LearningRate 0.000008   Epoch: 9   Global Step: 5239   Fp16 Grad Scale: 524288   Required: 18 hours


Training: 2026-06-05 16:36:49,795-Speed 157.77 samples/sec   Loss 1.5263  Expression Loss 1.2835      HeadPose Loss 0.2428      LearningRate 0.000008   Epoch: 9   Global Step: 5249   Fp16 Grad Scale: 524288   Required: 18 hours


Training: 2026-06-05 16:36:57,913-Speed 157.69 samples/sec   Loss 1.4772  Expression Loss 1.2833      HeadPose Loss 0.1940      LearningRate 0.000008   Epoch: 9   Global Step: 5259   Fp16 Grad Scale: 1048576   Required: 18 hours


Training: 2026-06-05 16:37:06,036-Speed 157.59 samples/sec   Loss 1.4543  Expression Loss 1.2243      HeadPose Loss 0.2299      LearningRate 0.000008   Epoch: 9   Global Step: 5269   Fp16 Grad Scale: 1048576   Required: 18 hours


Training: 2026-06-05 16:37:14,156-Speed 157.64 samples/sec   Loss 1.4829  Expression Loss 1.2743      HeadPose Loss 0.2087      LearningRate 0.000008   Epoch: 9   Global Step: 5279   Fp16 Grad Scale: 1048576   Required: 18 hours


Training: 2026-06-05 16:37:22,279-Speed 157.60 samples/sec   Loss 1.4026  Expression Loss 1.2042      HeadPose Loss 0.1984      LearningRate 0.000008   Epoch: 9   Global Step: 5289   Fp16 Grad Scale: 1048576   Required: 18 hours


Training: 2026-06-05 16:37:30,389-Speed 157.83 samples/sec   Loss 1.4004  Expression Loss 1.1860      HeadPose Loss 0.2143      LearningRate 0.000008   Epoch: 9   Global Step: 5299   Fp16 Grad Scale: 1048576   Required: 18 hours


Training: 2026-06-05 16:37:38,576-Speed 156.37 samples/sec   Loss 1.4298  Expression Loss 1.2136      HeadPose Loss 0.2162      LearningRate 0.000008   Epoch: 9   Global Step: 5309   Fp16 Grad Scale: 1048576   Required: 18 hours


Training: 2026-06-05 16:37:46,703-Speed 157.51 samples/sec   Loss 1.4077  Expression Loss 1.2185      HeadPose Loss 0.1893      LearningRate 0.000008   Epoch: 9   Global Step: 5319   Fp16 Grad Scale: 1048576   Required: 18 hours


Training: 2026-06-05 16:37:54,798-Speed 158.12 samples/sec   Loss 1.4263  Expression Loss 1.2162      HeadPose Loss 0.2101      LearningRate 0.000008   Epoch: 9   Global Step: 5329   Fp16 Grad Scale: 524288   Required: 18 hours


Training: 2026-06-05 16:38:02,914-Speed 157.72 samples/sec   Loss 1.5214  Expression Loss 1.3063      HeadPose Loss 0.2151      LearningRate 0.000008   Epoch: 9   Global Step: 5339   Fp16 Grad Scale: 524288   Required: 18 hours


Training: 2026-06-05 16:38:11,037-Speed 157.58 samples/sec   Loss 1.3841  Expression Loss 1.1886      HeadPose Loss 0.1955      LearningRate 0.000008   Epoch: 9   Global Step: 5349   Fp16 Grad Scale: 524288   Required: 18 hours


Training: 2026-06-05 16:38:19,158-Speed 157.64 samples/sec   Loss 1.4695  Expression Loss 1.2699      HeadPose Loss 0.1996      LearningRate 0.000008   Epoch: 9   Global Step: 5359   Fp16 Grad Scale: 524288   Required: 18 hours


Training: 2026-06-05 16:38:27,279-Speed 157.63 samples/sec   Loss 1.3689  Expression Loss 1.1704      HeadPose Loss 0.1985      LearningRate 0.000008   Epoch: 9   Global Step: 5369   Fp16 Grad Scale: 524288   Required: 18 hours


Training: 2026-06-05 16:38:35,388-Speed 157.86 samples/sec   Loss 1.4274  Expression Loss 1.2166      HeadPose Loss 0.2108      LearningRate 0.000008   Epoch: 9   Global Step: 5379   Fp16 Grad Scale: 524288   Required: 18 hours


Training: 2026-06-05 16:38:43,499-Speed 157.82 samples/sec   Loss 1.4802  Expression Loss 1.2449      HeadPose Loss 0.2352      LearningRate 0.000008   Epoch: 9   Global Step: 5389   Fp16 Grad Scale: 524288   Required: 18 hours


Training: 2026-06-05 16:38:51,607-Speed 157.89 samples/sec   Loss 1.3846  Expression Loss 1.1967      HeadPose Loss 0.1879      LearningRate 0.000008   Epoch: 9   Global Step: 5399   Fp16 Grad Scale: 524288   Required: 18 hours


Training: 2026-06-05 16:38:59,714-Speed 157.88 samples/sec   Loss 1.4490  Expression Loss 1.2426      HeadPose Loss 0.2064      LearningRate 0.000008   Epoch: 9   Global Step: 5409   Fp16 Grad Scale: 524288   Required: 18 hours


Training: 2026-06-05 16:39:07,826-Speed 157.79 samples/sec   Loss 1.3532  Expression Loss 1.1655      HeadPose Loss 0.1878      LearningRate 0.000009   Epoch: 9   Global Step: 5419   Fp16 Grad Scale: 524288   Required: 18 hours


Training: 2026-06-05 16:39:15,926-Speed 158.03 samples/sec   Loss 1.4107  Expression Loss 1.2183      HeadPose Loss 0.1923      LearningRate 0.000009   Epoch: 9   Global Step: 5429   Fp16 Grad Scale: 1048576   Required: 18 hours


Training: 2026-06-05 16:39:24,039-Speed 157.80 samples/sec   Loss 1.4630  Expression Loss 1.2491      HeadPose Loss 0.2139      LearningRate 0.000009   Epoch: 9   Global Step: 5439   Fp16 Grad Scale: 1048576   Required: 18 hours


Training: 2026-06-05 16:39:32,156-Speed 157.69 samples/sec   Loss 1.4672  Expression Loss 1.2561      HeadPose Loss 0.2111      LearningRate 0.000009   Epoch: 9   Global Step: 5449   Fp16 Grad Scale: 1048576   Required: 18 hours


Training: 2026-06-05 16:39:40,250-Speed 158.15 samples/sec   Loss 1.3796  Expression Loss 1.1782      HeadPose Loss 0.2014      LearningRate 0.000009   Epoch: 9   Global Step: 5459   Fp16 Grad Scale: 1048576   Required: 18 hours


Training: 2026-06-05 16:39:48,334-Speed 158.35 samples/sec   Loss 1.4224  Expression Loss 1.2266      HeadPose Loss 0.1958      LearningRate 0.000009   Epoch: 9   Global Step: 5469   Fp16 Grad Scale: 524288   Required: 18 hours


Training: 2026-06-05 16:39:56,432-Speed 158.07 samples/sec   Loss 1.3223  Expression Loss 1.1284      HeadPose Loss 0.1938      LearningRate 0.000009   Epoch: 9   Global Step: 5479   Fp16 Grad Scale: 524288   Required: 18 hours


Training: 2026-06-05 16:40:04,535-Speed 157.98 samples/sec   Loss 1.4429  Expression Loss 1.2231      HeadPose Loss 0.2198      LearningRate 0.000009   Epoch: 9   Global Step: 5489   Fp16 Grad Scale: 524288   Required: 18 hours


Training: 2026-06-05 16:40:12,639-Speed 157.95 samples/sec   Loss 1.3774  Expression Loss 1.1824      HeadPose Loss 0.1951      LearningRate 0.000009   Epoch: 9   Global Step: 5499   Fp16 Grad Scale: 524288   Required: 17 hours


/home/lslopes/.conda/envs/swin-det/lib/python3.7/site-packages/torchvision/transforms/functional.py:418: UserWarning: Argument 'interpolation' of type int is deprecated since 0.13 and will be removed in 0.15. Please use InterpolationMode enum.
  "Argument 'interpolation' of type int is deprecated since 0.13 and will be removed in 0.15. "
/home/lslopes/.conda/envs/swin-det/lib/python3.7/site-packages/torchvision/transforms/functional.py:418: UserWarning: Argument 'interpolation' of type int is deprecated since 0.13 and will be removed in 0.15. Please use InterpolationMode enum.
  "Argument 'interpolation' of type int is deprecated since 0.13 and will be removed in 0.15. "
Training: 2026-06-05 16:40:21,743-Speed 140.60 samples/sec   Loss 1.4968  Expression Loss 1.3039      HeadPose Loss 0.1929      LearningRate 0.000009   Epoch: 10   Global Step: 5509   Fp16 Grad Scale: 524288   Required: 17 hours


Training: 2026-06-05 16:40:29,855-Speed 157.81 samples/sec   Loss 1.4659  Expression Loss 1.2552      HeadPose Loss 0.2106      LearningRate 0.000009   Epoch: 10   Global Step: 5519   Fp16 Grad Scale: 524288   Required: 17 hours


Training: 2026-06-05 16:40:37,970-Speed 157.74 samples/sec   Loss 1.4275  Expression Loss 1.2381      HeadPose Loss 0.1894      LearningRate 0.000009   Epoch: 10   Global Step: 5529   Fp16 Grad Scale: 524288   Required: 17 hours


Training: 2026-06-05 16:40:46,082-Speed 157.79 samples/sec   Loss 1.5133  Expression Loss 1.3051      HeadPose Loss 0.2082      LearningRate 0.000009   Epoch: 10   Global Step: 5539   Fp16 Grad Scale: 524288   Required: 17 hours


Training: 2026-06-05 16:40:54,196-Speed 157.77 samples/sec   Loss 1.4369  Expression Loss 1.2278      HeadPose Loss 0.2091      LearningRate 0.000009   Epoch: 10   Global Step: 5549   Fp16 Grad Scale: 524288   Required: 17 hours


Training: 2026-06-05 16:41:02,315-Speed 157.66 samples/sec   Loss 1.4270  Expression Loss 1.2278      HeadPose Loss 0.1993      LearningRate 0.000009   Epoch: 10   Global Step: 5559   Fp16 Grad Scale: 524288   Required: 17 hours


Training: 2026-06-05 16:41:10,422-Speed 157.89 samples/sec   Loss 1.5027  Expression Loss 1.2951      HeadPose Loss 0.2076      LearningRate 0.000009   Epoch: 10   Global Step: 5569   Fp16 Grad Scale: 1048576   Required: 17 hours


Training: 2026-06-05 16:41:18,507-Speed 158.32 samples/sec   Loss 1.4434  Expression Loss 1.2492      HeadPose Loss 0.1942      LearningRate 0.000009   Epoch: 10   Global Step: 5579   Fp16 Grad Scale: 524288   Required: 17 hours


Training: 2026-06-05 16:41:26,625-Speed 157.68 samples/sec   Loss 1.4539  Expression Loss 1.2424      HeadPose Loss 0.2115      LearningRate 0.000009   Epoch: 10   Global Step: 5589   Fp16 Grad Scale: 524288   Required: 17 hours


Training: 2026-06-05 16:41:34,730-Speed 157.94 samples/sec   Loss 1.4118  Expression Loss 1.2144      HeadPose Loss 0.1975      LearningRate 0.000009   Epoch: 10   Global Step: 5599   Fp16 Grad Scale: 524288   Required: 17 hours


Training: 2026-06-05 16:41:42,847-Speed 157.71 samples/sec   Loss 1.4079  Expression Loss 1.2133      HeadPose Loss 0.1946      LearningRate 0.000009   Epoch: 10   Global Step: 5609   Fp16 Grad Scale: 524288   Required: 17 hours


Training: 2026-06-05 16:41:50,966-Speed 157.66 samples/sec   Loss 1.4419  Expression Loss 1.2434      HeadPose Loss 0.1984      LearningRate 0.000009   Epoch: 10   Global Step: 5619   Fp16 Grad Scale: 524288   Required: 17 hours


Training: 2026-06-05 16:41:59,082-Speed 157.71 samples/sec   Loss 1.4724  Expression Loss 1.2977      HeadPose Loss 0.1747      LearningRate 0.000009   Epoch: 10   Global Step: 5629   Fp16 Grad Scale: 524288   Required: 17 hours


Training: 2026-06-05 16:42:07,192-Speed 157.84 samples/sec   Loss 1.5152  Expression Loss 1.3003      HeadPose Loss 0.2150      LearningRate 0.000009   Epoch: 10   Global Step: 5639   Fp16 Grad Scale: 524288   Required: 17 hours


Training: 2026-06-05 16:42:15,312-Speed 157.64 samples/sec   Loss 1.4298  Expression Loss 1.2391      HeadPose Loss 0.1907      LearningRate 0.000009   Epoch: 10   Global Step: 5649   Fp16 Grad Scale: 524288   Required: 17 hours


Training: 2026-06-05 16:42:23,421-Speed 157.86 samples/sec   Loss 1.4007  Expression Loss 1.2037      HeadPose Loss 0.1971      LearningRate 0.000009   Epoch: 10   Global Step: 5659   Fp16 Grad Scale: 524288   Required: 17 hours


Training: 2026-06-05 16:42:31,535-Speed 157.77 samples/sec   Loss 1.4001  Expression Loss 1.1830      HeadPose Loss 0.2171      LearningRate 0.000009   Epoch: 10   Global Step: 5669   Fp16 Grad Scale: 524288   Required: 17 hours


Training: 2026-06-05 16:42:39,654-Speed 157.66 samples/sec   Loss 1.3760  Expression Loss 1.1793      HeadPose Loss 0.1967      LearningRate 0.000009   Epoch: 10   Global Step: 5679   Fp16 Grad Scale: 1048576   Required: 17 hours


Training: 2026-06-05 16:42:47,752-Speed 158.09 samples/sec   Loss 1.4279  Expression Loss 1.2172      HeadPose Loss 0.2108      LearningRate 0.000009   Epoch: 10   Global Step: 5689   Fp16 Grad Scale: 524288   Required: 17 hours


Training: 2026-06-05 16:42:55,855-Speed 157.97 samples/sec   Loss 1.5233  Expression Loss 1.3131      HeadPose Loss 0.2102      LearningRate 0.000009   Epoch: 10   Global Step: 5699   Fp16 Grad Scale: 524288   Required: 17 hours


Training: 2026-06-05 16:43:03,970-Speed 157.74 samples/sec   Loss 1.4240  Expression Loss 1.2232      HeadPose Loss 0.2008      LearningRate 0.000009   Epoch: 10   Global Step: 5709   Fp16 Grad Scale: 524288   Required: 17 hours


Training: 2026-06-05 16:43:12,071-Speed 158.00 samples/sec   Loss 1.4752  Expression Loss 1.2751      HeadPose Loss 0.2001      LearningRate 0.000009   Epoch: 10   Global Step: 5719   Fp16 Grad Scale: 524288   Required: 17 hours


Training: 2026-06-05 16:43:20,190-Speed 157.67 samples/sec   Loss 1.4516  Expression Loss 1.2323      HeadPose Loss 0.2193      LearningRate 0.000009   Epoch: 10   Global Step: 5729   Fp16 Grad Scale: 524288   Required: 17 hours


Training: 2026-06-05 16:43:28,296-Speed 157.92 samples/sec   Loss 1.3574  Expression Loss 1.1655      HeadPose Loss 0.1919      LearningRate 0.000009   Epoch: 10   Global Step: 5739   Fp16 Grad Scale: 524288   Required: 17 hours


Training: 2026-06-05 16:43:36,410-Speed 157.77 samples/sec   Loss 1.4818  Expression Loss 1.2774      HeadPose Loss 0.2045      LearningRate 0.000009   Epoch: 10   Global Step: 5749   Fp16 Grad Scale: 524288   Required: 17 hours


Training: 2026-06-05 16:43:44,535-Speed 157.54 samples/sec   Loss 1.4907  Expression Loss 1.2517      HeadPose Loss 0.2389      LearningRate 0.000009   Epoch: 10   Global Step: 5759   Fp16 Grad Scale: 524288   Required: 17 hours


Training: 2026-06-05 16:43:52,643-Speed 157.88 samples/sec   Loss 1.3200  Expression Loss 1.1493      HeadPose Loss 0.1707      LearningRate 0.000009   Epoch: 10   Global Step: 5769   Fp16 Grad Scale: 524288   Required: 17 hours


Training: 2026-06-05 16:44:00,752-Speed 157.85 samples/sec   Loss 1.4074  Expression Loss 1.1914      HeadPose Loss 0.2160      LearningRate 0.000009   Epoch: 10   Global Step: 5779   Fp16 Grad Scale: 524288   Required: 17 hours


Training: 2026-06-05 16:44:08,875-Speed 157.59 samples/sec   Loss 1.4297  Expression Loss 1.2157      HeadPose Loss 0.2140      LearningRate 0.000009   Epoch: 10   Global Step: 5789   Fp16 Grad Scale: 1048576   Required: 17 hours


Training: 2026-06-05 16:44:16,994-Speed 157.65 samples/sec   Loss 1.4356  Expression Loss 1.2318      HeadPose Loss 0.2039      LearningRate 0.000009   Epoch: 10   Global Step: 5799   Fp16 Grad Scale: 1048576   Required: 17 hours


Training: 2026-06-05 16:44:25,091-Speed 158.09 samples/sec   Loss 1.5042  Expression Loss 1.2616      HeadPose Loss 0.2427      LearningRate 0.000009   Epoch: 10   Global Step: 5809   Fp16 Grad Scale: 524288   Required: 17 hours


Training: 2026-06-05 16:44:33,207-Speed 157.72 samples/sec   Loss 1.3528  Expression Loss 1.1554      HeadPose Loss 0.1974      LearningRate 0.000009   Epoch: 10   Global Step: 5819   Fp16 Grad Scale: 524288   Required: 17 hours


Training: 2026-06-05 16:44:41,327-Speed 157.64 samples/sec   Loss 1.4184  Expression Loss 1.2257      HeadPose Loss 0.1928      LearningRate 0.000009   Epoch: 10   Global Step: 5829   Fp16 Grad Scale: 524288   Required: 17 hours


Training: 2026-06-05 16:44:49,438-Speed 157.82 samples/sec   Loss 1.4582  Expression Loss 1.2580      HeadPose Loss 0.2002      LearningRate 0.000009   Epoch: 10   Global Step: 5839   Fp16 Grad Scale: 524288   Required: 17 hours


Training: 2026-06-05 16:44:57,547-Speed 157.86 samples/sec   Loss 1.4799  Expression Loss 1.2634      HeadPose Loss 0.2166      LearningRate 0.000009   Epoch: 10   Global Step: 5849   Fp16 Grad Scale: 524288   Required: 17 hours


Training: 2026-06-05 16:45:05,665-Speed 157.69 samples/sec   Loss 1.4228  Expression Loss 1.2233      HeadPose Loss 0.1995      LearningRate 0.000009   Epoch: 10   Global Step: 5859   Fp16 Grad Scale: 524288   Required: 17 hours


Training: 2026-06-05 16:45:13,784-Speed 157.65 samples/sec   Loss 1.4320  Expression Loss 1.1932      HeadPose Loss 0.2388      LearningRate 0.000009   Epoch: 10   Global Step: 5869   Fp16 Grad Scale: 524288   Required: 17 hours


Training: 2026-06-05 16:45:21,886-Speed 158.00 samples/sec   Loss 1.4232  Expression Loss 1.2206      HeadPose Loss 0.2026      LearningRate 0.000009   Epoch: 10   Global Step: 5879   Fp16 Grad Scale: 524288   Required: 17 hours


Training: 2026-06-05 16:45:29,993-Speed 157.89 samples/sec   Loss 1.4399  Expression Loss 1.2300      HeadPose Loss 0.2099      LearningRate 0.000009   Epoch: 10   Global Step: 5889   Fp16 Grad Scale: 524288   Required: 17 hours


Training: 2026-06-05 16:45:38,102-Speed 157.86 samples/sec   Loss 1.3749  Expression Loss 1.1683      HeadPose Loss 0.2066      LearningRate 0.000009   Epoch: 10   Global Step: 5899   Fp16 Grad Scale: 524288   Required: 17 hours


Training: 2026-06-05 16:45:46,216-Speed 157.76 samples/sec   Loss 1.4587  Expression Loss 1.2549      HeadPose Loss 0.2038      LearningRate 0.000009   Epoch: 10   Global Step: 5909   Fp16 Grad Scale: 1048576   Required: 17 hours


Training: 2026-06-05 16:45:54,336-Speed 157.64 samples/sec   Loss 1.3972  Expression Loss 1.1902      HeadPose Loss 0.2070      LearningRate 0.000009   Epoch: 10   Global Step: 5919   Fp16 Grad Scale: 1048576   Required: 17 hours


Training: 2026-06-05 16:46:02,466-Speed 157.45 samples/sec   Loss 1.4361  Expression Loss 1.2371      HeadPose Loss 0.1990      LearningRate 0.000009   Epoch: 10   Global Step: 5929   Fp16 Grad Scale: 1048576   Required: 17 hours


Training: 2026-06-05 16:46:10,562-Speed 158.11 samples/sec   Loss 1.3923  Expression Loss 1.1932      HeadPose Loss 0.1991      LearningRate 0.000009   Epoch: 10   Global Step: 5939   Fp16 Grad Scale: 524288   Required: 17 hours


Training: 2026-06-05 16:46:18,678-Speed 157.73 samples/sec   Loss 1.3483  Expression Loss 1.1242      HeadPose Loss 0.2240      LearningRate 0.000009   Epoch: 10   Global Step: 5949   Fp16 Grad Scale: 524288   Required: 17 hours


Training: 2026-06-05 16:46:26,798-Speed 157.64 samples/sec   Loss 1.3979  Expression Loss 1.2164      HeadPose Loss 0.1815      LearningRate 0.000009   Epoch: 10   Global Step: 5959   Fp16 Grad Scale: 524288   Required: 17 hours


Training: 2026-06-05 16:46:34,914-Speed 157.72 samples/sec   Loss 1.5410  Expression Loss 1.3337      HeadPose Loss 0.2073      LearningRate 0.000009   Epoch: 10   Global Step: 5969   Fp16 Grad Scale: 524288   Required: 17 hours


Training: 2026-06-05 16:46:43,023-Speed 157.86 samples/sec   Loss 1.4129  Expression Loss 1.2166      HeadPose Loss 0.1963      LearningRate 0.000009   Epoch: 10   Global Step: 5979   Fp16 Grad Scale: 524288   Required: 17 hours


Training: 2026-06-05 16:46:51,142-Speed 157.65 samples/sec   Loss 1.3909  Expression Loss 1.1995      HeadPose Loss 0.1914      LearningRate 0.000009   Epoch: 10   Global Step: 5989   Fp16 Grad Scale: 524288   Required: 17 hours


Training: 2026-06-05 16:46:59,261-Speed 157.67 samples/sec   Loss 1.3711  Expression Loss 1.1655      HeadPose Loss 0.2056      LearningRate 0.000009   Epoch: 10   Global Step: 5999   Fp16 Grad Scale: 524288   Required: 17 hours


Training: 2026-06-05 16:46:59,262-Val on RAF:
Training: 2026-06-05 16:46:59,505-Test: [0/103]	Time 0.243 (0.243)	Loss 2.0883 (2.0883)	Acc@1 25.000 (25.000)	Acc@3 64.062 (64.062)	Mem 10201MB
Training: 2026-06-05 16:47:00,848-Test: [10/103]	Time 0.134 (0.144)	Loss 1.7821 (2.0287)	Acc@1 32.812 (26.420)	Acc@3 65.625 (59.943)	Mem 10201MB
Training: 2026-06-05 16:47:02,191-Test: [20/103]	Time 0.134 (0.139)	Loss 1.9817 (2.0945)	Acc@1 25.000 (24.330)	Acc@3 70.312 (59.003)	Mem 10201MB
Training: 2026-06-05 16:47:03,533-Test: [30/103]	Time 0.134 (0.138)	Loss 1.8806 (2.0702)	Acc@1 20.312 (24.798)	Acc@3 67.188 (59.425)	Mem 10201MB
Training: 2026-06-05 16:47:04,876-Test: [40/103]	Time 0.134 (0.137)	Loss 2.0507 (2.0365)	Acc@1 21.875 (25.686)	Acc@3 53.125 (59.794)	Mem 10201MB
Training: 2026-06-05 16:47:06,218-Test: [50/103]	Time 0.134 (0.136)	Loss 1.8783 (2.0370)	Acc@1 34.375 (26.072)	Acc@3 56.250 (59.436)	Mem 10201MB
Training: 2026-06-05 16:47:07,561-Test: [60/103]	Time 0.134 (0.136)	Loss 2.0888 (2.0286)	Acc@1 25.000 (26.230)	Acc@3 62.500 (59.631)	Mem 10201MB
Training: 2026-06-05 16:47:08,904-Test: [70/103]	Time 0.134 (0.136)	Loss 1.6232 (2.0088)	Acc@1 34.375 (26.739)	Acc@3 71.875 (60.211)	Mem 10201MB
Training: 2026-06-05 16:47:10,246-Test: [80/103]	Time 0.134 (0.136)	Loss 2.4081 (2.0218)	Acc@1 18.750 (26.427)	Acc@3 45.312 (59.915)	Mem 10201MB
Training: 2026-06-05 16:47:11,589-Test: [90/103]	Time 0.134 (0.135)	Loss 1.9397 (2.0272)	Acc@1 25.000 (26.065)	Acc@3 67.188 (59.804)	Mem 10201MB
Training: 2026-06-05 16:47:12,933-Test: [100/103]	Time 0.135 (0.135)	Loss 2.3182 (2.0200)	Acc@1 15.625 (26.176)	Acc@3 53.125 (60.102)	Mem 10201MB
Training: 2026-06-05 16:47:13,205-[5999]Expression Loss: 2.02138
Training: 2026-06-05 16:47:13,205-[5999]Expression Acc@1: 26.14190
Training: 2026-06-05 16:47:13,205-[5999]Expression Acc@1-Highest: 26.14190
Training: 2026-06-05 16:47:13,205-[5999]Expression Acc@3: 60.07917
Training: 2026-06-05 16:47:13,205-[5999]Expression Acc@3-Highest: 60.07917
Training: 2026-06-05 16:47:13,205-[5999]10 Times Expression Acc@1: 17.72737
Training: 2026-06-05 16:47:13,205-[5999]10 Times Expression Acc@1-Highest: 17.72737
Training: 2026-06-05 16:47:13,206-Val on AFLW:
Training: 2026-06-05 16:47:14,656-Test: [0/69]	Time 1.450 (1.450)	Landmark MAE 0.594 (0.594)	Pose MAE 0.192 (0.192)	Mem 10201MB
Training: 2026-06-05 16:47:24,982-Test: [10/69]	Time 1.113 (1.070)	Landmark MAE 0.597 (0.606)	Pose MAE 0.224 (0.209)	Mem 10201MB
Training: 2026-06-05 16:47:34,331-Test: [20/69]	Time 0.894 (1.006)	Landmark MAE 0.610 (0.605)	Pose MAE 0.240 (0.224)	Mem 10201MB
Training: 2026-06-05 16:47:45,305-Test: [30/69]	Time 0.724 (1.035)	Landmark MAE 0.585 (0.605)	Pose MAE 0.209 (0.218)	Mem 10201MB
Training: 2026-06-05 16:47:56,726-Test: [40/69]	Time 1.181 (1.061)	Landmark MAE 0.620 (0.607)	Pose MAE 0.252 (0.224)	Mem 10201MB
Training: 2026-06-05 16:48:07,659-Test: [50/69]	Time 1.217 (1.068)	Landmark MAE 0.581 (0.607)	Pose MAE 0.200 (0.225)	Mem 10201MB
Training: 2026-06-05 16:48:17,092-Test: [60/69]	Time 1.084 (1.047)	Landmark MAE 0.609 (0.607)	Pose MAE 0.228 (0.223)	Mem 10201MB
Training: 2026-06-05 16:48:24,883-[5999]Landmark MAE: 0.60673
Training: 2026-06-05 16:48:24,884-[5999]Landmark MAE-Best: 0.60673
Training: 2026-06-05 16:48:24,884-[5999]Pose MAE: 0.22257
Training: 2026-06-05 16:48:24,884-[5999]Pose MAE-Best: 0.22176
Training: 2026-06-05 16:48:24,884-[5999]10 Times Avg MAE: 0.42269
Training: 2026-06-05 16:48:24,884-[5999]10 Times Avg MAE-Best: 0.41463
Training: 2026-06-05 16:48:32,980-Speed 13.66 samples/sec   Loss 1.4509  Expression Loss 1.2417      HeadPose Loss 0.2092      LearningRate 0.000009   Epoch: 10   Global Step: 6009   Fp16 Grad Scale: 524288   Required: 18 hours


Training: 2026-06-05 16:48:41,079-Speed 158.05 samples/sec   Loss 1.4035  Expression Loss 1.1956      HeadPose Loss 0.2079      LearningRate 0.000009   Epoch: 10   Global Step: 6019   Fp16 Grad Scale: 524288   Required: 18 hours


Training: 2026-06-05 16:48:49,178-Speed 158.05 samples/sec   Loss 1.4734  Expression Loss 1.2687      HeadPose Loss 0.2048      LearningRate 0.000009   Epoch: 10   Global Step: 6029   Fp16 Grad Scale: 524288   Required: 18 hours


Training: 2026-06-05 16:48:57,275-Speed 158.09 samples/sec   Loss 1.3947  Expression Loss 1.2132      HeadPose Loss 0.1815      LearningRate 0.000009   Epoch: 10   Global Step: 6039   Fp16 Grad Scale: 1048576   Required: 18 hours


Training: 2026-06-05 16:49:05,362-Speed 158.28 samples/sec   Loss 1.4585  Expression Loss 1.2436      HeadPose Loss 0.2149      LearningRate 0.000009   Epoch: 10   Global Step: 6049   Fp16 Grad Scale: 524288   Required: 18 hours


/home/lslopes/.conda/envs/swin-det/lib/python3.7/site-packages/torchvision/transforms/functional.py:418: UserWarning: Argument 'interpolation' of type int is deprecated since 0.13 and will be removed in 0.15. Please use InterpolationMode enum.
  "Argument 'interpolation' of type int is deprecated since 0.13 and will be removed in 0.15. "
/home/lslopes/.conda/envs/swin-det/lib/python3.7/site-packages/torchvision/transforms/functional.py:418: UserWarning: Argument 'interpolation' of type int is deprecated since 0.13 and will be removed in 0.15. Please use InterpolationMode enum.
  "Argument 'interpolation' of type int is deprecated since 0.13 and will be removed in 0.15. "
Training: 2026-06-05 16:49:14,399-Speed 141.66 samples/sec   Loss 1.4498  Expression Loss 1.2665      HeadPose Loss 0.1833      LearningRate 0.000009   Epoch: 11   Global Step: 6059   Fp16 Grad Scale: 524288   Required: 18 hours


Training: 2026-06-05 16:49:22,487-Speed 158.26 samples/sec   Loss 1.4178  Expression Loss 1.2148      HeadPose Loss 0.2030      LearningRate 0.000010   Epoch: 11   Global Step: 6069   Fp16 Grad Scale: 524288   Required: 18 hours


Training: 2026-06-05 16:49:30,584-Speed 158.11 samples/sec   Loss 1.5109  Expression Loss 1.2732      HeadPose Loss 0.2377      LearningRate 0.000010   Epoch: 11   Global Step: 6079   Fp16 Grad Scale: 524288   Required: 18 hours


Training: 2026-06-05 16:49:38,673-Speed 158.23 samples/sec   Loss 1.3667  Expression Loss 1.1687      HeadPose Loss 0.1980      LearningRate 0.000010   Epoch: 11   Global Step: 6089   Fp16 Grad Scale: 524288   Required: 18 hours


Training: 2026-06-05 16:49:46,783-Speed 157.84 samples/sec   Loss 1.4836  Expression Loss 1.2826      HeadPose Loss 0.2010      LearningRate 0.000010   Epoch: 11   Global Step: 6099   Fp16 Grad Scale: 524288   Required: 18 hours


Training: 2026-06-05 16:49:54,886-Speed 157.98 samples/sec   Loss 1.4165  Expression Loss 1.2320      HeadPose Loss 0.1846      LearningRate 0.000010   Epoch: 11   Global Step: 6109   Fp16 Grad Scale: 524288   Required: 18 hours


Training: 2026-06-05 16:50:02,992-Speed 157.92 samples/sec   Loss 1.4333  Expression Loss 1.2285      HeadPose Loss 0.2048      LearningRate 0.000010   Epoch: 11   Global Step: 6119   Fp16 Grad Scale: 524288   Required: 18 hours


Training: 2026-06-05 16:50:11,115-Speed 157.58 samples/sec   Loss 1.4173  Expression Loss 1.1942      HeadPose Loss 0.2232      LearningRate 0.000010   Epoch: 11   Global Step: 6129   Fp16 Grad Scale: 524288   Required: 18 hours


Training: 2026-06-05 16:50:19,210-Speed 158.14 samples/sec   Loss 1.4182  Expression Loss 1.2161      HeadPose Loss 0.2020      LearningRate 0.000010   Epoch: 11   Global Step: 6139   Fp16 Grad Scale: 524288   Required: 18 hours


Training: 2026-06-05 16:50:27,313-Speed 157.96 samples/sec   Loss 1.3932  Expression Loss 1.2080      HeadPose Loss 0.1852      LearningRate 0.000010   Epoch: 11   Global Step: 6149   Fp16 Grad Scale: 1048576   Required: 18 hours


Training: 2026-06-05 16:50:35,394-Speed 158.41 samples/sec   Loss 1.4711  Expression Loss 1.2679      HeadPose Loss 0.2032      LearningRate 0.000010   Epoch: 11   Global Step: 6159   Fp16 Grad Scale: 524288   Required: 18 hours


Training: 2026-06-05 16:50:43,494-Speed 158.04 samples/sec   Loss 1.5150  Expression Loss 1.2830      HeadPose Loss 0.2320      LearningRate 0.000010   Epoch: 11   Global Step: 6169   Fp16 Grad Scale: 524288   Required: 18 hours


Training: 2026-06-05 16:50:51,594-Speed 158.02 samples/sec   Loss 1.4052  Expression Loss 1.1866      HeadPose Loss 0.2186      LearningRate 0.000010   Epoch: 11   Global Step: 6179   Fp16 Grad Scale: 524288   Required: 18 hours


Training: 2026-06-05 16:50:59,707-Speed 157.79 samples/sec   Loss 1.3535  Expression Loss 1.1450      HeadPose Loss 0.2085      LearningRate 0.000010   Epoch: 11   Global Step: 6189   Fp16 Grad Scale: 524288   Required: 18 hours


Training: 2026-06-05 16:51:07,812-Speed 157.94 samples/sec   Loss 1.3376  Expression Loss 1.1314      HeadPose Loss 0.2062      LearningRate 0.000010   Epoch: 11   Global Step: 6199   Fp16 Grad Scale: 524288   Required: 18 hours


Training: 2026-06-05 16:51:15,935-Speed 157.59 samples/sec   Loss 1.3489  Expression Loss 1.1646      HeadPose Loss 0.1844      LearningRate 0.000010   Epoch: 11   Global Step: 6209   Fp16 Grad Scale: 524288   Required: 18 hours


Training: 2026-06-05 16:51:24,038-Speed 157.96 samples/sec   Loss 1.4771  Expression Loss 1.2631      HeadPose Loss 0.2140      LearningRate 0.000010   Epoch: 11   Global Step: 6219   Fp16 Grad Scale: 524288   Required: 18 hours


Training: 2026-06-05 16:51:32,136-Speed 158.09 samples/sec   Loss 1.4548  Expression Loss 1.2578      HeadPose Loss 0.1970      LearningRate 0.000010   Epoch: 11   Global Step: 6229   Fp16 Grad Scale: 524288   Required: 18 hours


Training: 2026-06-05 16:51:40,238-Speed 157.99 samples/sec   Loss 1.4189  Expression Loss 1.2113      HeadPose Loss 0.2076      LearningRate 0.000010   Epoch: 11   Global Step: 6239   Fp16 Grad Scale: 524288   Required: 18 hours


Training: 2026-06-05 16:51:48,340-Speed 157.99 samples/sec   Loss 1.3765  Expression Loss 1.1701      HeadPose Loss 0.2064      LearningRate 0.000010   Epoch: 11   Global Step: 6249   Fp16 Grad Scale: 524288   Required: 18 hours


Training: 2026-06-05 16:51:56,438-Speed 158.09 samples/sec   Loss 1.3918  Expression Loss 1.1906      HeadPose Loss 0.2013      LearningRate 0.000010   Epoch: 11   Global Step: 6259   Fp16 Grad Scale: 1048576   Required: 18 hours


Training: 2026-06-05 16:52:04,523-Speed 158.32 samples/sec   Loss 1.4590  Expression Loss 1.2439      HeadPose Loss 0.2151      LearningRate 0.000010   Epoch: 11   Global Step: 6269   Fp16 Grad Scale: 524288   Required: 18 hours


Training: 2026-06-05 16:52:12,635-Speed 157.79 samples/sec   Loss 1.3586  Expression Loss 1.1726      HeadPose Loss 0.1860      LearningRate 0.000010   Epoch: 11   Global Step: 6279   Fp16 Grad Scale: 524288   Required: 18 hours


Training: 2026-06-05 16:52:20,778-Speed 157.21 samples/sec   Loss 1.3911  Expression Loss 1.1977      HeadPose Loss 0.1934      LearningRate 0.000010   Epoch: 11   Global Step: 6289   Fp16 Grad Scale: 524288   Required: 18 hours


Training: 2026-06-05 16:52:28,866-Speed 158.28 samples/sec   Loss 1.4206  Expression Loss 1.2073      HeadPose Loss 0.2133      LearningRate 0.000010   Epoch: 11   Global Step: 6299   Fp16 Grad Scale: 524288   Required: 18 hours


Training: 2026-06-05 16:52:36,985-Speed 157.65 samples/sec   Loss 1.3513  Expression Loss 1.1458      HeadPose Loss 0.2055      LearningRate 0.000010   Epoch: 11   Global Step: 6309   Fp16 Grad Scale: 524288   Required: 18 hours


Training: 2026-06-05 16:52:45,112-Speed 157.50 samples/sec   Loss 1.4152  Expression Loss 1.2235      HeadPose Loss 0.1917      LearningRate 0.000010   Epoch: 11   Global Step: 6319   Fp16 Grad Scale: 524288   Required: 17 hours


Training: 2026-06-05 16:52:53,230-Speed 157.69 samples/sec   Loss 1.4569  Expression Loss 1.2582      HeadPose Loss 0.1987      LearningRate 0.000010   Epoch: 11   Global Step: 6329   Fp16 Grad Scale: 524288   Required: 17 hours


Training: 2026-06-05 16:53:01,346-Speed 157.73 samples/sec   Loss 1.3692  Expression Loss 1.1828      HeadPose Loss 0.1864      LearningRate 0.000010   Epoch: 11   Global Step: 6339   Fp16 Grad Scale: 524288   Required: 17 hours


Training: 2026-06-05 16:53:09,458-Speed 157.80 samples/sec   Loss 1.3613  Expression Loss 1.1615      HeadPose Loss 0.1998      LearningRate 0.000010   Epoch: 11   Global Step: 6349   Fp16 Grad Scale: 524288   Required: 17 hours


Training: 2026-06-05 16:53:17,566-Speed 157.88 samples/sec   Loss 1.3754  Expression Loss 1.1735      HeadPose Loss 0.2019      LearningRate 0.000010   Epoch: 11   Global Step: 6359   Fp16 Grad Scale: 524288   Required: 17 hours


Training: 2026-06-05 16:53:25,687-Speed 157.63 samples/sec   Loss 1.3631  Expression Loss 1.1789      HeadPose Loss 0.1842      LearningRate 0.000010   Epoch: 11   Global Step: 6369   Fp16 Grad Scale: 1048576   Required: 17 hours


Training: 2026-06-05 16:53:33,774-Speed 158.29 samples/sec   Loss 1.3507  Expression Loss 1.1438      HeadPose Loss 0.2069      LearningRate 0.000010   Epoch: 11   Global Step: 6379   Fp16 Grad Scale: 524288   Required: 17 hours


Training: 2026-06-05 16:53:41,885-Speed 157.83 samples/sec   Loss 1.4580  Expression Loss 1.2480      HeadPose Loss 0.2100      LearningRate 0.000010   Epoch: 11   Global Step: 6389   Fp16 Grad Scale: 524288   Required: 17 hours


Training: 2026-06-05 16:53:50,008-Speed 157.58 samples/sec   Loss 1.4446  Expression Loss 1.2332      HeadPose Loss 0.2114      LearningRate 0.000010   Epoch: 11   Global Step: 6399   Fp16 Grad Scale: 524288   Required: 17 hours


Training: 2026-06-05 16:53:58,154-Speed 157.16 samples/sec   Loss 1.3278  Expression Loss 1.1157      HeadPose Loss 0.2121      LearningRate 0.000010   Epoch: 11   Global Step: 6409   Fp16 Grad Scale: 524288   Required: 17 hours


Training: 2026-06-05 16:54:06,308-Speed 156.98 samples/sec   Loss 1.4597  Expression Loss 1.2349      HeadPose Loss 0.2248      LearningRate 0.000010   Epoch: 11   Global Step: 6419   Fp16 Grad Scale: 524288   Required: 17 hours


Training: 2026-06-05 16:54:14,442-Speed 157.39 samples/sec   Loss 1.3272  Expression Loss 1.1385      HeadPose Loss 0.1887      LearningRate 0.000010   Epoch: 11   Global Step: 6429   Fp16 Grad Scale: 524288   Required: 17 hours


Training: 2026-06-05 16:54:22,579-Speed 157.31 samples/sec   Loss 1.3531  Expression Loss 1.1488      HeadPose Loss 0.2043      LearningRate 0.000010   Epoch: 11   Global Step: 6439   Fp16 Grad Scale: 524288   Required: 17 hours


Training: 2026-06-05 16:54:30,707-Speed 157.50 samples/sec   Loss 1.3427  Expression Loss 1.1539      HeadPose Loss 0.1887      LearningRate 0.000010   Epoch: 11   Global Step: 6449   Fp16 Grad Scale: 524288   Required: 17 hours


Training: 2026-06-05 16:54:38,847-Speed 157.24 samples/sec   Loss 1.3599  Expression Loss 1.1776      HeadPose Loss 0.1823      LearningRate 0.000010   Epoch: 11   Global Step: 6459   Fp16 Grad Scale: 524288   Required: 17 hours


Training: 2026-06-05 16:54:46,979-Speed 157.42 samples/sec   Loss 1.4331  Expression Loss 1.2447      HeadPose Loss 0.1884      LearningRate 0.000010   Epoch: 11   Global Step: 6469   Fp16 Grad Scale: 524288   Required: 17 hours


Training: 2026-06-05 16:54:55,121-Speed 157.22 samples/sec   Loss 1.4274  Expression Loss 1.2250      HeadPose Loss 0.2024      LearningRate 0.000010   Epoch: 11   Global Step: 6479   Fp16 Grad Scale: 1048576   Required: 17 hours


Training: 2026-06-05 16:55:03,247-Speed 157.53 samples/sec   Loss 1.4520  Expression Loss 1.2701      HeadPose Loss 0.1819      LearningRate 0.000010   Epoch: 11   Global Step: 6489   Fp16 Grad Scale: 524288   Required: 17 hours


Training: 2026-06-05 16:55:11,400-Speed 157.00 samples/sec   Loss 1.3245  Expression Loss 1.1154      HeadPose Loss 0.2090      LearningRate 0.000010   Epoch: 11   Global Step: 6499   Fp16 Grad Scale: 524288   Required: 17 hours


Training: 2026-06-05 16:55:19,540-Speed 157.26 samples/sec   Loss 1.4114  Expression Loss 1.2096      HeadPose Loss 0.2019      LearningRate 0.000010   Epoch: 11   Global Step: 6509   Fp16 Grad Scale: 524288   Required: 17 hours


Training: 2026-06-05 16:55:27,678-Speed 157.29 samples/sec   Loss 1.3946  Expression Loss 1.2132      HeadPose Loss 0.1814      LearningRate 0.000010   Epoch: 11   Global Step: 6519   Fp16 Grad Scale: 524288   Required: 17 hours


Training: 2026-06-05 16:55:35,808-Speed 157.45 samples/sec   Loss 1.3637  Expression Loss 1.1662      HeadPose Loss 0.1975      LearningRate 0.000010   Epoch: 11   Global Step: 6529   Fp16 Grad Scale: 524288   Required: 17 hours


Training: 2026-06-05 16:55:43,938-Speed 157.44 samples/sec   Loss 1.4085  Expression Loss 1.2033      HeadPose Loss 0.2053      LearningRate 0.000010   Epoch: 11   Global Step: 6539   Fp16 Grad Scale: 524288   Required: 17 hours


Training: 2026-06-05 16:55:52,068-Speed 157.45 samples/sec   Loss 1.3974  Expression Loss 1.1933      HeadPose Loss 0.2041      LearningRate 0.000010   Epoch: 11   Global Step: 6549   Fp16 Grad Scale: 524288   Required: 17 hours


Training: 2026-06-05 16:56:00,204-Speed 157.34 samples/sec   Loss 1.3634  Expression Loss 1.1838      HeadPose Loss 0.1796      LearningRate 0.000010   Epoch: 11   Global Step: 6559   Fp16 Grad Scale: 524288   Required: 17 hours


Training: 2026-06-05 16:56:08,339-Speed 157.34 samples/sec   Loss 1.3741  Expression Loss 1.1559      HeadPose Loss 0.2183      LearningRate 0.000010   Epoch: 11   Global Step: 6569   Fp16 Grad Scale: 524288   Required: 17 hours


Training: 2026-06-05 16:56:16,486-Speed 157.13 samples/sec   Loss 1.3625  Expression Loss 1.1630      HeadPose Loss 0.1995      LearningRate 0.000010   Epoch: 11   Global Step: 6579   Fp16 Grad Scale: 524288   Required: 17 hours


Training: 2026-06-05 16:56:24,603-Speed 157.70 samples/sec   Loss 1.4462  Expression Loss 1.2434      HeadPose Loss 0.2028      LearningRate 0.000010   Epoch: 11   Global Step: 6589   Fp16 Grad Scale: 524288   Required: 17 hours


Training: 2026-06-05 16:56:32,735-Speed 157.41 samples/sec   Loss 1.3847  Expression Loss 1.1639      HeadPose Loss 0.2208      LearningRate 0.000010   Epoch: 11   Global Step: 6599   Fp16 Grad Scale: 524288   Required: 17 hours


/home/lslopes/.conda/envs/swin-det/lib/python3.7/site-packages/torchvision/transforms/functional.py:418: UserWarning: Argument 'interpolation' of type int is deprecated since 0.13 and will be removed in 0.15. Please use InterpolationMode enum.
  "Argument 'interpolation' of type int is deprecated since 0.13 and will be removed in 0.15. "
/home/lslopes/.conda/envs/swin-det/lib/python3.7/site-packages/torchvision/transforms/functional.py:418: UserWarning: Argument 'interpolation' of type int is deprecated since 0.13 and will be removed in 0.15. Please use InterpolationMode enum.
  "Argument 'interpolation' of type int is deprecated since 0.13 and will be removed in 0.15. "
Training: 2026-06-05 16:56:41,758-Speed 141.88 samples/sec   Loss 1.3475  Expression Loss 1.1497      HeadPose Loss 0.1978      LearningRate 0.000010   Epoch: 12   Global Step: 6609   Fp16 Grad Scale: 524288   Required: 17 hours


Training: 2026-06-05 16:56:49,873-Speed 157.75 samples/sec   Loss 1.3936  Expression Loss 1.1824      HeadPose Loss 0.2112      LearningRate 0.000010   Epoch: 12   Global Step: 6619   Fp16 Grad Scale: 524288   Required: 17 hours


Training: 2026-06-05 16:56:57,983-Speed 157.84 samples/sec   Loss 1.4049  Expression Loss 1.2295      HeadPose Loss 0.1754      LearningRate 0.000010   Epoch: 12   Global Step: 6629   Fp16 Grad Scale: 524288   Required: 17 hours


Training: 2026-06-05 16:57:06,093-Speed 157.84 samples/sec   Loss 1.4127  Expression Loss 1.2175      HeadPose Loss 0.1952      LearningRate 0.000010   Epoch: 12   Global Step: 6639   Fp16 Grad Scale: 524288   Required: 17 hours


Training: 2026-06-05 16:57:14,203-Speed 157.82 samples/sec   Loss 1.3201  Expression Loss 1.1268      HeadPose Loss 0.1933      LearningRate 0.000010   Epoch: 12   Global Step: 6649   Fp16 Grad Scale: 524288   Required: 17 hours


Training: 2026-06-05 16:57:22,320-Speed 157.72 samples/sec   Loss 1.3416  Expression Loss 1.1571      HeadPose Loss 0.1845      LearningRate 0.000010   Epoch: 12   Global Step: 6659   Fp16 Grad Scale: 524288   Required: 17 hours


Training: 2026-06-05 16:57:30,421-Speed 158.01 samples/sec   Loss 1.2779  Expression Loss 1.0850      HeadPose Loss 0.1929      LearningRate 0.000010   Epoch: 12   Global Step: 6669   Fp16 Grad Scale: 524288   Required: 17 hours


Training: 2026-06-05 16:57:38,530-Speed 157.86 samples/sec   Loss 1.3731  Expression Loss 1.1548      HeadPose Loss 0.2183      LearningRate 0.000010   Epoch: 12   Global Step: 6679   Fp16 Grad Scale: 524288   Required: 17 hours


Training: 2026-06-05 16:57:46,621-Speed 158.21 samples/sec   Loss 1.4032  Expression Loss 1.2126      HeadPose Loss 0.1905      LearningRate 0.000010   Epoch: 12   Global Step: 6689   Fp16 Grad Scale: 524288   Required: 17 hours


Training: 2026-06-05 16:57:54,932-Speed 154.02 samples/sec   Loss 1.3907  Expression Loss 1.1747      HeadPose Loss 0.2160      LearningRate 0.000010   Epoch: 12   Global Step: 6699   Fp16 Grad Scale: 524288   Required: 17 hours


Training: 2026-06-05 16:58:03,041-Speed 157.86 samples/sec   Loss 1.3690  Expression Loss 1.1731      HeadPose Loss 0.1959      LearningRate 0.000011   Epoch: 12   Global Step: 6709   Fp16 Grad Scale: 524288   Required: 17 hours


Training: 2026-06-05 16:58:11,146-Speed 157.92 samples/sec   Loss 1.4270  Expression Loss 1.2266      HeadPose Loss 0.2004      LearningRate 0.000011   Epoch: 12   Global Step: 6719   Fp16 Grad Scale: 524288   Required: 17 hours


Training: 2026-06-05 16:58:19,255-Speed 157.86 samples/sec   Loss 1.3602  Expression Loss 1.1553      HeadPose Loss 0.2049      LearningRate 0.000011   Epoch: 12   Global Step: 6729   Fp16 Grad Scale: 524288   Required: 17 hours


Training: 2026-06-05 16:58:27,356-Speed 158.03 samples/sec   Loss 1.4453  Expression Loss 1.2290      HeadPose Loss 0.2163      LearningRate 0.000011   Epoch: 12   Global Step: 6739   Fp16 Grad Scale: 262144   Required: 17 hours


Training: 2026-06-05 16:58:35,575-Speed 155.74 samples/sec   Loss 1.4139  Expression Loss 1.2121      HeadPose Loss 0.2018      LearningRate 0.000011   Epoch: 12   Global Step: 6749   Fp16 Grad Scale: 262144   Required: 17 hours


Training: 2026-06-05 16:58:43,683-Speed 157.89 samples/sec   Loss 1.4085  Expression Loss 1.1974      HeadPose Loss 0.2111      LearningRate 0.000011   Epoch: 12   Global Step: 6759   Fp16 Grad Scale: 262144   Required: 17 hours


Training: 2026-06-05 16:58:51,786-Speed 157.97 samples/sec   Loss 1.4591  Expression Loss 1.2557      HeadPose Loss 0.2034      LearningRate 0.000011   Epoch: 12   Global Step: 6769   Fp16 Grad Scale: 262144   Required: 17 hours


Training: 2026-06-05 16:58:59,899-Speed 157.78 samples/sec   Loss 1.3938  Expression Loss 1.1735      HeadPose Loss 0.2203      LearningRate 0.000011   Epoch: 12   Global Step: 6779   Fp16 Grad Scale: 262144   Required: 17 hours


Training: 2026-06-05 16:59:08,007-Speed 157.87 samples/sec   Loss 1.3476  Expression Loss 1.1223      HeadPose Loss 0.2253      LearningRate 0.000011   Epoch: 12   Global Step: 6789   Fp16 Grad Scale: 262144   Required: 17 hours


Training: 2026-06-05 16:59:16,134-Speed 157.51 samples/sec   Loss 1.3778  Expression Loss 1.1691      HeadPose Loss 0.2087      LearningRate 0.000011   Epoch: 12   Global Step: 6799   Fp16 Grad Scale: 262144   Required: 17 hours


Training: 2026-06-05 16:59:24,250-Speed 157.71 samples/sec   Loss 1.4325  Expression Loss 1.2199      HeadPose Loss 0.2126      LearningRate 0.000011   Epoch: 12   Global Step: 6809   Fp16 Grad Scale: 262144   Required: 17 hours


Training: 2026-06-05 16:59:32,369-Speed 157.66 samples/sec   Loss 1.4598  Expression Loss 1.2519      HeadPose Loss 0.2080      LearningRate 0.000011   Epoch: 12   Global Step: 6819   Fp16 Grad Scale: 262144   Required: 17 hours


Training: 2026-06-05 16:59:40,482-Speed 157.79 samples/sec   Loss 1.3829  Expression Loss 1.1753      HeadPose Loss 0.2075      LearningRate 0.000011   Epoch: 12   Global Step: 6829   Fp16 Grad Scale: 262144   Required: 17 hours


Training: 2026-06-05 16:59:48,594-Speed 157.80 samples/sec   Loss 1.3924  Expression Loss 1.2012      HeadPose Loss 0.1912      LearningRate 0.000011   Epoch: 12   Global Step: 6839   Fp16 Grad Scale: 524288   Required: 17 hours


Training: 2026-06-05 16:59:56,710-Speed 157.71 samples/sec   Loss 1.4304  Expression Loss 1.2422      HeadPose Loss 0.1881      LearningRate 0.000011   Epoch: 12   Global Step: 6849   Fp16 Grad Scale: 524288   Required: 17 hours


Training: 2026-06-05 17:00:04,831-Speed 157.64 samples/sec   Loss 1.4122  Expression Loss 1.2151      HeadPose Loss 0.1971      LearningRate 0.000011   Epoch: 12   Global Step: 6859   Fp16 Grad Scale: 524288   Required: 17 hours


Training: 2026-06-05 17:00:12,936-Speed 157.93 samples/sec   Loss 1.3745  Expression Loss 1.2102      HeadPose Loss 0.1642      LearningRate 0.000011   Epoch: 12   Global Step: 6869   Fp16 Grad Scale: 524288   Required: 17 hours


Training: 2026-06-05 17:00:21,046-Speed 157.83 samples/sec   Loss 1.3010  Expression Loss 1.0911      HeadPose Loss 0.2099      LearningRate 0.000011   Epoch: 12   Global Step: 6879   Fp16 Grad Scale: 524288   Required: 17 hours


Training: 2026-06-05 17:00:29,150-Speed 157.96 samples/sec   Loss 1.4272  Expression Loss 1.2168      HeadPose Loss 0.2104      LearningRate 0.000011   Epoch: 12   Global Step: 6889   Fp16 Grad Scale: 524288   Required: 17 hours


Training: 2026-06-05 17:00:37,267-Speed 157.70 samples/sec   Loss 1.3797  Expression Loss 1.1745      HeadPose Loss 0.2052      LearningRate 0.000011   Epoch: 12   Global Step: 6899   Fp16 Grad Scale: 524288   Required: 17 hours


Training: 2026-06-05 17:00:45,403-Speed 157.34 samples/sec   Loss 1.3711  Expression Loss 1.1769      HeadPose Loss 0.1942      LearningRate 0.000011   Epoch: 12   Global Step: 6909   Fp16 Grad Scale: 524288   Required: 17 hours


Training: 2026-06-05 17:00:53,504-Speed 158.01 samples/sec   Loss 1.4177  Expression Loss 1.2189      HeadPose Loss 0.1988      LearningRate 0.000011   Epoch: 12   Global Step: 6919   Fp16 Grad Scale: 524288   Required: 17 hours


Training: 2026-06-05 17:01:01,612-Speed 157.88 samples/sec   Loss 1.4173  Expression Loss 1.2217      HeadPose Loss 0.1956      LearningRate 0.000011   Epoch: 12   Global Step: 6929   Fp16 Grad Scale: 524288   Required: 17 hours


Training: 2026-06-05 17:01:09,717-Speed 157.92 samples/sec   Loss 1.3873  Expression Loss 1.1719      HeadPose Loss 0.2154      LearningRate 0.000011   Epoch: 12   Global Step: 6939   Fp16 Grad Scale: 1048576   Required: 17 hours


Training: 2026-06-05 17:01:17,826-Speed 157.86 samples/sec   Loss 1.3981  Expression Loss 1.2012      HeadPose Loss 0.1969      LearningRate 0.000011   Epoch: 12   Global Step: 6949   Fp16 Grad Scale: 524288   Required: 17 hours


Training: 2026-06-05 17:01:25,927-Speed 158.03 samples/sec   Loss 1.3240  Expression Loss 1.1507      HeadPose Loss 0.1733      LearningRate 0.000011   Epoch: 12   Global Step: 6959   Fp16 Grad Scale: 524288   Required: 17 hours


Training: 2026-06-05 17:01:34,029-Speed 157.99 samples/sec   Loss 1.3462  Expression Loss 1.1711      HeadPose Loss 0.1751      LearningRate 0.000011   Epoch: 12   Global Step: 6969   Fp16 Grad Scale: 524288   Required: 17 hours


Training: 2026-06-05 17:01:42,134-Speed 157.93 samples/sec   Loss 1.4013  Expression Loss 1.2059      HeadPose Loss 0.1954      LearningRate 0.000011   Epoch: 12   Global Step: 6979   Fp16 Grad Scale: 524288   Required: 17 hours


Training: 2026-06-05 17:01:50,258-Speed 157.58 samples/sec   Loss 1.3378  Expression Loss 1.1368      HeadPose Loss 0.2010      LearningRate 0.000011   Epoch: 12   Global Step: 6989   Fp16 Grad Scale: 524288   Required: 17 hours


Training: 2026-06-05 17:01:58,375-Speed 157.69 samples/sec   Loss 1.3742  Expression Loss 1.1507      HeadPose Loss 0.2235      LearningRate 0.000011   Epoch: 12   Global Step: 6999   Fp16 Grad Scale: 524288   Required: 17 hours


Training: 2026-06-05 17:02:06,486-Speed 157.83 samples/sec   Loss 1.4469  Expression Loss 1.2419      HeadPose Loss 0.2049      LearningRate 0.000011   Epoch: 12   Global Step: 7009   Fp16 Grad Scale: 524288   Required: 17 hours


Training: 2026-06-05 17:02:14,594-Speed 157.88 samples/sec   Loss 1.3387  Expression Loss 1.1374      HeadPose Loss 0.2013      LearningRate 0.000011   Epoch: 12   Global Step: 7019   Fp16 Grad Scale: 524288   Required: 17 hours


Training: 2026-06-05 17:02:22,699-Speed 157.93 samples/sec   Loss 1.2859  Expression Loss 1.0968      HeadPose Loss 0.1890      LearningRate 0.000011   Epoch: 12   Global Step: 7029   Fp16 Grad Scale: 524288   Required: 17 hours


Training: 2026-06-05 17:02:30,807-Speed 157.87 samples/sec   Loss 1.4427  Expression Loss 1.2473      HeadPose Loss 0.1954      LearningRate 0.000011   Epoch: 12   Global Step: 7039   Fp16 Grad Scale: 524288   Required: 17 hours


Training: 2026-06-05 17:02:38,921-Speed 157.76 samples/sec   Loss 1.4110  Expression Loss 1.2132      HeadPose Loss 0.1978      LearningRate 0.000011   Epoch: 12   Global Step: 7049   Fp16 Grad Scale: 1048576   Required: 17 hours


Training: 2026-06-05 17:02:47,036-Speed 157.76 samples/sec   Loss 1.3885  Expression Loss 1.1707      HeadPose Loss 0.2178      LearningRate 0.000011   Epoch: 12   Global Step: 7059   Fp16 Grad Scale: 1048576   Required: 17 hours


Training: 2026-06-05 17:02:55,141-Speed 157.93 samples/sec   Loss 1.3865  Expression Loss 1.2093      HeadPose Loss 0.1771      LearningRate 0.000011   Epoch: 12   Global Step: 7069   Fp16 Grad Scale: 524288   Required: 17 hours


Training: 2026-06-05 17:03:03,252-Speed 157.82 samples/sec   Loss 1.3964  Expression Loss 1.2023      HeadPose Loss 0.1940      LearningRate 0.000011   Epoch: 12   Global Step: 7079   Fp16 Grad Scale: 524288   Required: 17 hours


Training: 2026-06-05 17:03:11,358-Speed 157.91 samples/sec   Loss 1.3361  Expression Loss 1.1191      HeadPose Loss 0.2170      LearningRate 0.000011   Epoch: 12   Global Step: 7089   Fp16 Grad Scale: 524288   Required: 17 hours


Training: 2026-06-05 17:03:19,480-Speed 157.62 samples/sec   Loss 1.3662  Expression Loss 1.1645      HeadPose Loss 0.2017      LearningRate 0.000011   Epoch: 12   Global Step: 7099   Fp16 Grad Scale: 524288   Required: 17 hours


Training: 2026-06-05 17:03:27,602-Speed 157.59 samples/sec   Loss 1.3295  Expression Loss 1.1404      HeadPose Loss 0.1891      LearningRate 0.000011   Epoch: 12   Global Step: 7109   Fp16 Grad Scale: 524288   Required: 17 hours


Training: 2026-06-05 17:03:35,723-Speed 157.64 samples/sec   Loss 1.3442  Expression Loss 1.1658      HeadPose Loss 0.1784      LearningRate 0.000011   Epoch: 12   Global Step: 7119   Fp16 Grad Scale: 524288   Required: 17 hours


Training: 2026-06-05 17:03:43,830-Speed 157.89 samples/sec   Loss 1.3601  Expression Loss 1.1727      HeadPose Loss 0.1874      LearningRate 0.000011   Epoch: 12   Global Step: 7129   Fp16 Grad Scale: 524288   Required: 17 hours


Training: 2026-06-05 17:03:51,946-Speed 157.73 samples/sec   Loss 1.4044  Expression Loss 1.1997      HeadPose Loss 0.2047      LearningRate 0.000011   Epoch: 12   Global Step: 7139   Fp16 Grad Scale: 524288   Required: 17 hours


Training: 2026-06-05 17:04:00,066-Speed 157.65 samples/sec   Loss 1.4505  Expression Loss 1.2464      HeadPose Loss 0.2041      LearningRate 0.000011   Epoch: 12   Global Step: 7149   Fp16 Grad Scale: 524288   Required: 17 hours


/home/lslopes/.conda/envs/swin-det/lib/python3.7/site-packages/torchvision/transforms/functional.py:418: UserWarning: Argument 'interpolation' of type int is deprecated since 0.13 and will be removed in 0.15. Please use InterpolationMode enum.
  "Argument 'interpolation' of type int is deprecated since 0.13 and will be removed in 0.15. "
/home/lslopes/.conda/envs/swin-det/lib/python3.7/site-packages/torchvision/transforms/functional.py:418: UserWarning: Argument 'interpolation' of type int is deprecated since 0.13 and will be removed in 0.15. Please use InterpolationMode enum.
  "Argument 'interpolation' of type int is deprecated since 0.13 and will be removed in 0.15. "
Training: 2026-06-05 17:04:08,867-Speed 145.44 samples/sec   Loss 1.3393  Expression Loss 1.1383      HeadPose Loss 0.2010      LearningRate 0.000011   Epoch: 13   Global Step: 7159   Fp16 Grad Scale: 524288   Required: 17 hours


Training: 2026-06-05 17:04:16,982-Speed 157.75 samples/sec   Loss 1.3362  Expression Loss 1.1696      HeadPose Loss 0.1667      LearningRate 0.000011   Epoch: 13   Global Step: 7169   Fp16 Grad Scale: 1048576   Required: 17 hours


Training: 2026-06-05 17:04:25,069-Speed 158.28 samples/sec   Loss 1.3185  Expression Loss 1.1335      HeadPose Loss 0.1850      LearningRate 0.000011   Epoch: 13   Global Step: 7179   Fp16 Grad Scale: 524288   Required: 17 hours


Training: 2026-06-05 17:04:33,190-Speed 157.63 samples/sec   Loss 1.3943  Expression Loss 1.1911      HeadPose Loss 0.2032      LearningRate 0.000011   Epoch: 13   Global Step: 7189   Fp16 Grad Scale: 524288   Required: 17 hours


Training: 2026-06-05 17:04:41,314-Speed 157.57 samples/sec   Loss 1.3645  Expression Loss 1.1564      HeadPose Loss 0.2081      LearningRate 0.000011   Epoch: 13   Global Step: 7199   Fp16 Grad Scale: 524288   Required: 17 hours


Training: 2026-06-05 17:04:49,432-Speed 157.70 samples/sec   Loss 1.3477  Expression Loss 1.1438      HeadPose Loss 0.2039      LearningRate 0.000011   Epoch: 13   Global Step: 7209   Fp16 Grad Scale: 524288   Required: 17 hours


Training: 2026-06-05 17:04:57,538-Speed 157.90 samples/sec   Loss 1.3348  Expression Loss 1.1427      HeadPose Loss 0.1921      LearningRate 0.000011   Epoch: 13   Global Step: 7219   Fp16 Grad Scale: 524288   Required: 17 hours


Training: 2026-06-05 17:05:05,659-Speed 157.63 samples/sec   Loss 1.3199  Expression Loss 1.1438      HeadPose Loss 0.1761      LearningRate 0.000011   Epoch: 13   Global Step: 7229   Fp16 Grad Scale: 524288   Required: 17 hours


Training: 2026-06-05 17:05:13,770-Speed 157.83 samples/sec   Loss 1.4494  Expression Loss 1.2846      HeadPose Loss 0.1649      LearningRate 0.000011   Epoch: 13   Global Step: 7239   Fp16 Grad Scale: 524288   Required: 17 hours


Training: 2026-06-05 17:05:21,871-Speed 158.01 samples/sec   Loss 1.3899  Expression Loss 1.2128      HeadPose Loss 0.1771      LearningRate 0.000011   Epoch: 13   Global Step: 7249   Fp16 Grad Scale: 524288   Required: 17 hours


Training: 2026-06-05 17:05:29,976-Speed 157.95 samples/sec   Loss 1.3353  Expression Loss 1.1426      HeadPose Loss 0.1928      LearningRate 0.000011   Epoch: 13   Global Step: 7259   Fp16 Grad Scale: 524288   Required: 17 hours


Training: 2026-06-05 17:05:38,082-Speed 157.91 samples/sec   Loss 1.3709  Expression Loss 1.1625      HeadPose Loss 0.2084      LearningRate 0.000011   Epoch: 13   Global Step: 7269   Fp16 Grad Scale: 524288   Required: 17 hours


Training: 2026-06-05 17:05:46,190-Speed 157.88 samples/sec   Loss 1.3329  Expression Loss 1.1521      HeadPose Loss 0.1809      LearningRate 0.000011   Epoch: 13   Global Step: 7279   Fp16 Grad Scale: 1048576   Required: 17 hours


Training: 2026-06-05 17:05:54,306-Speed 157.71 samples/sec   Loss 1.3629  Expression Loss 1.1666      HeadPose Loss 0.1963      LearningRate 0.000011   Epoch: 13   Global Step: 7289   Fp16 Grad Scale: 1048576   Required: 17 hours


Training: 2026-06-05 17:06:02,421-Speed 157.75 samples/sec   Loss 1.3612  Expression Loss 1.1504      HeadPose Loss 0.2108      LearningRate 0.000011   Epoch: 13   Global Step: 7299   Fp16 Grad Scale: 1048576   Required: 17 hours


Training: 2026-06-05 17:06:10,512-Speed 158.20 samples/sec   Loss 1.4294  Expression Loss 1.2459      HeadPose Loss 0.1836      LearningRate 0.000011   Epoch: 13   Global Step: 7309   Fp16 Grad Scale: 524288   Required: 17 hours


Training: 2026-06-05 17:06:18,641-Speed 157.48 samples/sec   Loss 1.3080  Expression Loss 1.1069      HeadPose Loss 0.2012      LearningRate 0.000011   Epoch: 13   Global Step: 7319   Fp16 Grad Scale: 524288   Required: 17 hours


Training: 2026-06-05 17:06:26,754-Speed 157.77 samples/sec   Loss 1.3487  Expression Loss 1.1249      HeadPose Loss 0.2238      LearningRate 0.000011   Epoch: 13   Global Step: 7329   Fp16 Grad Scale: 524288   Required: 17 hours


Training: 2026-06-05 17:06:34,867-Speed 157.77 samples/sec   Loss 1.3098  Expression Loss 1.0946      HeadPose Loss 0.2152      LearningRate 0.000011   Epoch: 13   Global Step: 7339   Fp16 Grad Scale: 524288   Required: 17 hours


Training: 2026-06-05 17:06:42,978-Speed 157.82 samples/sec   Loss 1.3645  Expression Loss 1.1770      HeadPose Loss 0.1875      LearningRate 0.000011   Epoch: 13   Global Step: 7349   Fp16 Grad Scale: 524288   Required: 17 hours


Training: 2026-06-05 17:06:51,086-Speed 157.88 samples/sec   Loss 1.3887  Expression Loss 1.1593      HeadPose Loss 0.2293      LearningRate 0.000012   Epoch: 13   Global Step: 7359   Fp16 Grad Scale: 524288   Required: 17 hours


Training: 2026-06-05 17:06:59,194-Speed 157.89 samples/sec   Loss 1.3827  Expression Loss 1.1943      HeadPose Loss 0.1884      LearningRate 0.000012   Epoch: 13   Global Step: 7369   Fp16 Grad Scale: 524288   Required: 17 hours


Training: 2026-06-05 17:07:07,314-Speed 157.63 samples/sec   Loss 1.3792  Expression Loss 1.1774      HeadPose Loss 0.2019      LearningRate 0.000012   Epoch: 13   Global Step: 7379   Fp16 Grad Scale: 524288   Required: 17 hours


Training: 2026-06-05 17:07:15,434-Speed 157.65 samples/sec   Loss 1.4521  Expression Loss 1.2479      HeadPose Loss 0.2042      LearningRate 0.000012   Epoch: 13   Global Step: 7389   Fp16 Grad Scale: 524288   Required: 17 hours


Training: 2026-06-05 17:07:23,559-Speed 157.54 samples/sec   Loss 1.3012  Expression Loss 1.1022      HeadPose Loss 0.1990      LearningRate 0.000012   Epoch: 13   Global Step: 7399   Fp16 Grad Scale: 524288   Required: 17 hours


Training: 2026-06-05 17:07:31,662-Speed 157.97 samples/sec   Loss 1.3424  Expression Loss 1.1391      HeadPose Loss 0.2033      LearningRate 0.000012   Epoch: 13   Global Step: 7409   Fp16 Grad Scale: 1048576   Required: 17 hours


Training: 2026-06-05 17:07:39,777-Speed 157.74 samples/sec   Loss 1.2957  Expression Loss 1.0894      HeadPose Loss 0.2063      LearningRate 0.000012   Epoch: 13   Global Step: 7419   Fp16 Grad Scale: 1048576   Required: 17 hours


Training: 2026-06-05 17:07:47,890-Speed 157.79 samples/sec   Loss 1.3204  Expression Loss 1.1445      HeadPose Loss 0.1759      LearningRate 0.000012   Epoch: 13   Global Step: 7429   Fp16 Grad Scale: 1048576   Required: 17 hours


Training: 2026-06-05 17:07:56,003-Speed 157.78 samples/sec   Loss 1.3400  Expression Loss 1.1551      HeadPose Loss 0.1849      LearningRate 0.000012   Epoch: 13   Global Step: 7439   Fp16 Grad Scale: 1048576   Required: 17 hours


Training: 2026-06-05 17:08:04,107-Speed 157.96 samples/sec   Loss 1.3095  Expression Loss 1.1095      HeadPose Loss 0.2001      LearningRate 0.000012   Epoch: 13   Global Step: 7449   Fp16 Grad Scale: 1048576   Required: 17 hours


Training: 2026-06-05 17:08:12,222-Speed 157.74 samples/sec   Loss 1.3327  Expression Loss 1.1513      HeadPose Loss 0.1814      LearningRate 0.000012   Epoch: 13   Global Step: 7459   Fp16 Grad Scale: 1048576   Required: 17 hours


Training: 2026-06-05 17:08:20,314-Speed 158.19 samples/sec   Loss 1.3864  Expression Loss 1.2009      HeadPose Loss 0.1855      LearningRate 0.000012   Epoch: 13   Global Step: 7469   Fp16 Grad Scale: 524288   Required: 17 hours


Training: 2026-06-05 17:08:28,439-Speed 157.54 samples/sec   Loss 1.3496  Expression Loss 1.1557      HeadPose Loss 0.1940      LearningRate 0.000012   Epoch: 13   Global Step: 7479   Fp16 Grad Scale: 524288   Required: 17 hours


Training: 2026-06-05 17:08:36,554-Speed 157.74 samples/sec   Loss 1.3464  Expression Loss 1.1485      HeadPose Loss 0.1979      LearningRate 0.000012   Epoch: 13   Global Step: 7489   Fp16 Grad Scale: 524288   Required: 17 hours


Training: 2026-06-05 17:08:44,670-Speed 157.73 samples/sec   Loss 1.3522  Expression Loss 1.1347      HeadPose Loss 0.2176      LearningRate 0.000012   Epoch: 13   Global Step: 7499   Fp16 Grad Scale: 524288   Required: 17 hours


Training: 2026-06-05 17:08:52,779-Speed 157.85 samples/sec   Loss 1.3641  Expression Loss 1.1798      HeadPose Loss 0.1843      LearningRate 0.000012   Epoch: 13   Global Step: 7509   Fp16 Grad Scale: 524288   Required: 17 hours


Training: 2026-06-05 17:09:00,902-Speed 157.59 samples/sec   Loss 1.3653  Expression Loss 1.1700      HeadPose Loss 0.1954      LearningRate 0.000012   Epoch: 13   Global Step: 7519   Fp16 Grad Scale: 524288   Required: 17 hours


Training: 2026-06-05 17:09:09,022-Speed 157.65 samples/sec   Loss 1.2886  Expression Loss 1.0868      HeadPose Loss 0.2018      LearningRate 0.000012   Epoch: 13   Global Step: 7529   Fp16 Grad Scale: 524288   Required: 17 hours


Training: 2026-06-05 17:09:17,136-Speed 157.76 samples/sec   Loss 1.3747  Expression Loss 1.1806      HeadPose Loss 0.1941      LearningRate 0.000012   Epoch: 13   Global Step: 7539   Fp16 Grad Scale: 524288   Required: 17 hours


Training: 2026-06-05 17:09:25,252-Speed 157.73 samples/sec   Loss 1.3244  Expression Loss 1.1414      HeadPose Loss 0.1830      LearningRate 0.000012   Epoch: 13   Global Step: 7549   Fp16 Grad Scale: 524288   Required: 17 hours


Training: 2026-06-05 17:09:33,379-Speed 157.50 samples/sec   Loss 1.3410  Expression Loss 1.1430      HeadPose Loss 0.1980      LearningRate 0.000012   Epoch: 13   Global Step: 7559   Fp16 Grad Scale: 524288   Required: 17 hours


Training: 2026-06-05 17:09:41,462-Speed 158.38 samples/sec   Loss 1.3773  Expression Loss 1.1622      HeadPose Loss 0.2151      LearningRate 0.000012   Epoch: 13   Global Step: 7569   Fp16 Grad Scale: 524288   Required: 17 hours


Training: 2026-06-05 17:09:49,567-Speed 157.94 samples/sec   Loss 1.2502  Expression Loss 1.0402      HeadPose Loss 0.2100      LearningRate 0.000012   Epoch: 13   Global Step: 7579   Fp16 Grad Scale: 524288   Required: 17 hours


Training: 2026-06-05 17:09:57,683-Speed 157.71 samples/sec   Loss 1.4139  Expression Loss 1.2193      HeadPose Loss 0.1946      LearningRate 0.000012   Epoch: 13   Global Step: 7589   Fp16 Grad Scale: 524288   Required: 17 hours


Training: 2026-06-05 17:10:05,802-Speed 157.67 samples/sec   Loss 1.3319  Expression Loss 1.1337      HeadPose Loss 0.1982      LearningRate 0.000012   Epoch: 13   Global Step: 7599   Fp16 Grad Scale: 524288   Required: 17 hours


Training: 2026-06-05 17:10:13,897-Speed 158.14 samples/sec   Loss 1.4014  Expression Loss 1.1779      HeadPose Loss 0.2235      LearningRate 0.000012   Epoch: 13   Global Step: 7609   Fp16 Grad Scale: 524288   Required: 17 hours


Training: 2026-06-05 17:10:22,010-Speed 157.78 samples/sec   Loss 1.3759  Expression Loss 1.1769      HeadPose Loss 0.1990      LearningRate 0.000012   Epoch: 13   Global Step: 7619   Fp16 Grad Scale: 524288   Required: 17 hours


Training: 2026-06-05 17:10:30,124-Speed 157.77 samples/sec   Loss 1.4168  Expression Loss 1.2185      HeadPose Loss 0.1983      LearningRate 0.000012   Epoch: 13   Global Step: 7629   Fp16 Grad Scale: 524288   Required: 17 hours


Training: 2026-06-05 17:10:38,229-Speed 157.93 samples/sec   Loss 1.3430  Expression Loss 1.1578      HeadPose Loss 0.1852      LearningRate 0.000012   Epoch: 13   Global Step: 7639   Fp16 Grad Scale: 524288   Required: 17 hours


Training: 2026-06-05 17:10:46,334-Speed 157.92 samples/sec   Loss 1.3694  Expression Loss 1.1539      HeadPose Loss 0.2155      LearningRate 0.000012   Epoch: 13   Global Step: 7649   Fp16 Grad Scale: 524288   Required: 17 hours


Training: 2026-06-05 17:10:54,451-Speed 157.71 samples/sec   Loss 1.3630  Expression Loss 1.1645      HeadPose Loss 0.1985      LearningRate 0.000012   Epoch: 13   Global Step: 7659   Fp16 Grad Scale: 524288   Required: 17 hours


Training: 2026-06-05 17:11:02,556-Speed 157.94 samples/sec   Loss 1.4712  Expression Loss 1.2556      HeadPose Loss 0.2156      LearningRate 0.000012   Epoch: 13   Global Step: 7669   Fp16 Grad Scale: 1048576   Required: 17 hours


Training: 2026-06-05 17:11:10,657-Speed 158.01 samples/sec   Loss 1.2844  Expression Loss 1.1019      HeadPose Loss 0.1825      LearningRate 0.000012   Epoch: 13   Global Step: 7679   Fp16 Grad Scale: 1048576   Required: 17 hours


Training: 2026-06-05 17:11:18,765-Speed 157.87 samples/sec   Loss 1.3526  Expression Loss 1.1529      HeadPose Loss 0.1997      LearningRate 0.000012   Epoch: 13   Global Step: 7689   Fp16 Grad Scale: 1048576   Required: 17 hours


Training: 2026-06-05 17:11:26,864-Speed 158.05 samples/sec   Loss 1.3283  Expression Loss 1.1339      HeadPose Loss 0.1944      LearningRate 0.000012   Epoch: 13   Global Step: 7699   Fp16 Grad Scale: 1048576   Required: 17 hours


/home/lslopes/.conda/envs/swin-det/lib/python3.7/site-packages/torchvision/transforms/functional.py:418: UserWarning: Argument 'interpolation' of type int is deprecated since 0.13 and will be removed in 0.15. Please use InterpolationMode enum.
  "Argument 'interpolation' of type int is deprecated since 0.13 and will be removed in 0.15. "
/home/lslopes/.conda/envs/swin-det/lib/python3.7/site-packages/torchvision/transforms/functional.py:418: UserWarning: Argument 'interpolation' of type int is deprecated since 0.13 and will be removed in 0.15. Please use InterpolationMode enum.
  "Argument 'interpolation' of type int is deprecated since 0.13 and will be removed in 0.15. "
Training: 2026-06-05 17:11:35,778-Speed 143.60 samples/sec   Loss 1.3091  Expression Loss 1.1124      HeadPose Loss 0.1967      LearningRate 0.000012   Epoch: 14   Global Step: 7709   Fp16 Grad Scale: 524288   Required: 17 hours


Training: 2026-06-05 17:11:43,883-Speed 157.95 samples/sec   Loss 1.3346  Expression Loss 1.1526      HeadPose Loss 0.1820      LearningRate 0.000012   Epoch: 14   Global Step: 7719   Fp16 Grad Scale: 524288   Required: 17 hours


Training: 2026-06-05 17:11:51,988-Speed 157.93 samples/sec   Loss 1.3231  Expression Loss 1.1223      HeadPose Loss 0.2008      LearningRate 0.000012   Epoch: 14   Global Step: 7729   Fp16 Grad Scale: 524288   Required: 17 hours


Training: 2026-06-05 17:12:00,098-Speed 157.83 samples/sec   Loss 1.3219  Expression Loss 1.1114      HeadPose Loss 0.2105      LearningRate 0.000012   Epoch: 14   Global Step: 7739   Fp16 Grad Scale: 524288   Required: 17 hours


Training: 2026-06-05 17:12:08,199-Speed 158.01 samples/sec   Loss 1.3034  Expression Loss 1.1118      HeadPose Loss 0.1916      LearningRate 0.000012   Epoch: 14   Global Step: 7749   Fp16 Grad Scale: 524288   Required: 17 hours


Training: 2026-06-05 17:12:16,307-Speed 157.89 samples/sec   Loss 1.4177  Expression Loss 1.2322      HeadPose Loss 0.1855      LearningRate 0.000012   Epoch: 14   Global Step: 7759   Fp16 Grad Scale: 524288   Required: 17 hours


Training: 2026-06-05 17:12:24,403-Speed 158.10 samples/sec   Loss 1.2653  Expression Loss 1.0922      HeadPose Loss 0.1731      LearningRate 0.000012   Epoch: 14   Global Step: 7769   Fp16 Grad Scale: 524288   Required: 17 hours


Training: 2026-06-05 17:12:32,514-Speed 157.81 samples/sec   Loss 1.3509  Expression Loss 1.1399      HeadPose Loss 0.2110      LearningRate 0.000012   Epoch: 14   Global Step: 7779   Fp16 Grad Scale: 524288   Required: 17 hours


Training: 2026-06-05 17:12:40,622-Speed 157.89 samples/sec   Loss 1.3555  Expression Loss 1.1445      HeadPose Loss 0.2110      LearningRate 0.000012   Epoch: 14   Global Step: 7789   Fp16 Grad Scale: 524288   Required: 17 hours


Training: 2026-06-05 17:12:48,737-Speed 157.73 samples/sec   Loss 1.3202  Expression Loss 1.1433      HeadPose Loss 0.1769      LearningRate 0.000012   Epoch: 14   Global Step: 7799   Fp16 Grad Scale: 524288   Required: 17 hours


Training: 2026-06-05 17:12:56,831-Speed 158.16 samples/sec   Loss 1.4464  Expression Loss 1.2441      HeadPose Loss 0.2023      LearningRate 0.000012   Epoch: 14   Global Step: 7809   Fp16 Grad Scale: 524288   Required: 17 hours


Training: 2026-06-05 17:13:04,944-Speed 157.79 samples/sec   Loss 1.3556  Expression Loss 1.1752      HeadPose Loss 0.1804      LearningRate 0.000012   Epoch: 14   Global Step: 7819   Fp16 Grad Scale: 524288   Required: 17 hours


Training: 2026-06-05 17:13:13,051-Speed 157.89 samples/sec   Loss 1.3743  Expression Loss 1.1786      HeadPose Loss 0.1957      LearningRate 0.000012   Epoch: 14   Global Step: 7829   Fp16 Grad Scale: 524288   Required: 17 hours


Training: 2026-06-05 17:13:21,158-Speed 157.88 samples/sec   Loss 1.3977  Expression Loss 1.2021      HeadPose Loss 0.1956      LearningRate 0.000012   Epoch: 14   Global Step: 7839   Fp16 Grad Scale: 524288   Required: 17 hours


Training: 2026-06-05 17:13:29,272-Speed 157.76 samples/sec   Loss 1.3881  Expression Loss 1.1746      HeadPose Loss 0.2135      LearningRate 0.000012   Epoch: 14   Global Step: 7849   Fp16 Grad Scale: 524288   Required: 17 hours


Training: 2026-06-05 17:13:37,386-Speed 157.76 samples/sec   Loss 1.3681  Expression Loss 1.1822      HeadPose Loss 0.1860      LearningRate 0.000012   Epoch: 14   Global Step: 7859   Fp16 Grad Scale: 524288   Required: 17 hours


Training: 2026-06-05 17:13:45,492-Speed 157.93 samples/sec   Loss 1.3305  Expression Loss 1.1401      HeadPose Loss 0.1904      LearningRate 0.000012   Epoch: 14   Global Step: 7869   Fp16 Grad Scale: 524288   Required: 17 hours


Training: 2026-06-05 17:13:53,590-Speed 158.07 samples/sec   Loss 1.3498  Expression Loss 1.1303      HeadPose Loss 0.2195      LearningRate 0.000012   Epoch: 14   Global Step: 7879   Fp16 Grad Scale: 524288   Required: 17 hours


Training: 2026-06-05 17:14:01,706-Speed 157.73 samples/sec   Loss 1.2963  Expression Loss 1.1054      HeadPose Loss 0.1909      LearningRate 0.000012   Epoch: 14   Global Step: 7889   Fp16 Grad Scale: 524288   Required: 17 hours


Training: 2026-06-05 17:14:09,813-Speed 157.88 samples/sec   Loss 1.3405  Expression Loss 1.1627      HeadPose Loss 0.1777      LearningRate 0.000012   Epoch: 14   Global Step: 7899   Fp16 Grad Scale: 524288   Required: 17 hours


Training: 2026-06-05 17:14:17,918-Speed 157.94 samples/sec   Loss 1.3735  Expression Loss 1.1911      HeadPose Loss 0.1823      LearningRate 0.000012   Epoch: 14   Global Step: 7909   Fp16 Grad Scale: 1048576   Required: 17 hours


Training: 2026-06-05 17:14:26,036-Speed 157.69 samples/sec   Loss 1.3562  Expression Loss 1.1475      HeadPose Loss 0.2086      LearningRate 0.000012   Epoch: 14   Global Step: 7919   Fp16 Grad Scale: 1048576   Required: 17 hours


Training: 2026-06-05 17:14:34,142-Speed 157.90 samples/sec   Loss 1.3394  Expression Loss 1.1450      HeadPose Loss 0.1944      LearningRate 0.000012   Epoch: 14   Global Step: 7929   Fp16 Grad Scale: 1048576   Required: 17 hours


Training: 2026-06-05 17:14:42,252-Speed 157.84 samples/sec   Loss 1.3139  Expression Loss 1.1031      HeadPose Loss 0.2108      LearningRate 0.000012   Epoch: 14   Global Step: 7939   Fp16 Grad Scale: 1048576   Required: 17 hours


Training: 2026-06-05 17:14:50,343-Speed 158.21 samples/sec   Loss 1.3270  Expression Loss 1.1537      HeadPose Loss 0.1733      LearningRate 0.000012   Epoch: 14   Global Step: 7949   Fp16 Grad Scale: 524288   Required: 17 hours


Training: 2026-06-05 17:14:58,468-Speed 157.54 samples/sec   Loss 1.3860  Expression Loss 1.2118      HeadPose Loss 0.1742      LearningRate 0.000012   Epoch: 14   Global Step: 7959   Fp16 Grad Scale: 524288   Required: 17 hours


Training: 2026-06-05 17:15:06,582-Speed 157.76 samples/sec   Loss 1.3955  Expression Loss 1.2062      HeadPose Loss 0.1893      LearningRate 0.000012   Epoch: 14   Global Step: 7969   Fp16 Grad Scale: 524288   Required: 17 hours


Training: 2026-06-05 17:15:14,685-Speed 157.98 samples/sec   Loss 1.2973  Expression Loss 1.0927      HeadPose Loss 0.2046      LearningRate 0.000012   Epoch: 14   Global Step: 7979   Fp16 Grad Scale: 524288   Required: 17 hours


Training: 2026-06-05 17:15:22,793-Speed 157.88 samples/sec   Loss 1.3210  Expression Loss 1.1256      HeadPose Loss 0.1954      LearningRate 0.000012   Epoch: 14   Global Step: 7989   Fp16 Grad Scale: 524288   Required: 17 hours


Training: 2026-06-05 17:15:30,903-Speed 157.84 samples/sec   Loss 1.3737  Expression Loss 1.1742      HeadPose Loss 0.1994      LearningRate 0.000012   Epoch: 14   Global Step: 7999   Fp16 Grad Scale: 524288   Required: 17 hours


Training: 2026-06-05 17:15:30,904-Val on RAF:
Training: 2026-06-05 17:15:31,195-Test: [0/103]	Time 0.290 (0.290)	Loss 2.0154 (2.0154)	Acc@1 31.250 (31.250)	Acc@3 60.938 (60.938)	Mem 10201MB
Training: 2026-06-05 17:15:32,537-Test: [10/103]	Time 0.134 (0.148)	Loss 1.7213 (1.8693)	Acc@1 35.938 (36.080)	Acc@3 75.000 (64.915)	Mem 10201MB
Training: 2026-06-05 17:15:33,880-Test: [20/103]	Time 0.134 (0.142)	Loss 2.0491 (1.8512)	Acc@1 25.000 (36.310)	Acc@3 71.875 (65.699)	Mem 10201MB
Training: 2026-06-05 17:15:35,222-Test: [30/103]	Time 0.134 (0.139)	Loss 2.0576 (1.8502)	Acc@1 28.125 (35.786)	Acc@3 60.938 (65.575)	Mem 10201MB
Training: 2026-06-05 17:15:36,565-Test: [40/103]	Time 0.134 (0.138)	Loss 1.9690 (1.8645)	Acc@1 32.812 (35.442)	Acc@3 60.938 (65.358)	Mem 10201MB
Training: 2026-06-05 17:15:37,908-Test: [50/103]	Time 0.134 (0.137)	Loss 1.8797 (1.8655)	Acc@1 31.250 (34.835)	Acc@3 60.938 (65.717)	Mem 10201MB
Training: 2026-06-05 17:15:39,250-Test: [60/103]	Time 0.134 (0.137)	Loss 2.0539 (1.8623)	Acc@1 31.250 (35.169)	Acc@3 56.250 (65.471)	Mem 10201MB
Training: 2026-06-05 17:15:40,592-Test: [70/103]	Time 0.134 (0.136)	Loss 1.8198 (1.8557)	Acc@1 39.062 (35.343)	Acc@3 67.188 (65.537)	Mem 10201MB
Training: 2026-06-05 17:15:41,935-Test: [80/103]	Time 0.134 (0.136)	Loss 2.0697 (1.8591)	Acc@1 35.938 (35.340)	Acc@3 62.500 (65.220)	Mem 10201MB
Training: 2026-06-05 17:15:43,277-Test: [90/103]	Time 0.134 (0.136)	Loss 1.6717 (1.8593)	Acc@1 31.250 (35.079)	Acc@3 78.125 (65.522)	Mem 10201MB
Training: 2026-06-05 17:15:44,621-Test: [100/103]	Time 0.135 (0.136)	Loss 1.6582 (1.8510)	Acc@1 39.062 (35.118)	Acc@3 68.750 (65.919)	Mem 10201MB
Training: 2026-06-05 17:15:44,913-[7999]Expression Loss: 1.85164
Training: 2026-06-05 17:15:44,913-[7999]Expression Acc@1: 35.10962
Training: 2026-06-05 17:15:44,913-[7999]Expression Acc@1-Highest: 35.10962
Training: 2026-06-05 17:15:44,914-[7999]Expression Acc@3: 65.81912
Training: 2026-06-05 17:15:44,914-[7999]Expression Acc@3-Highest: 65.81912
Training: 2026-06-05 17:15:44,914-[7999]10 Times Expression Acc@1: 22.07293
Training: 2026-06-05 17:15:44,914-[7999]10 Times Expression Acc@1-Highest: 22.07293
Training: 2026-06-05 17:15:44,915-Val on AFLW:
Training: 2026-06-05 17:15:46,248-Test: [0/69]	Time 1.333 (1.333)	Landmark MAE 0.601 (0.601)	Pose MAE 0.169 (0.169)	Mem 10201MB
Training: 2026-06-05 17:15:56,150-Test: [10/69]	Time 0.773 (1.021)	Landmark MAE 0.605 (0.611)	Pose MAE 0.163 (0.167)	Mem 10201MB
Training: 2026-06-05 17:16:06,183-Test: [20/69]	Time 0.652 (1.013)	Landmark MAE 0.598 (0.609)	Pose MAE 0.183 (0.176)	Mem 10201MB
Training: 2026-06-05 17:16:16,261-Test: [30/69]	Time 1.031 (1.011)	Landmark MAE 0.599 (0.608)	Pose MAE 0.176 (0.180)	Mem 10201MB
Training: 2026-06-05 17:16:26,937-Test: [40/69]	Time 0.964 (1.025)	Landmark MAE 0.594 (0.607)	Pose MAE 0.158 (0.181)	Mem 10201MB
Training: 2026-06-05 17:16:37,411-Test: [50/69]	Time 1.573 (1.029)	Landmark MAE 0.605 (0.607)	Pose MAE 0.184 (0.178)	Mem 10201MB
Training: 2026-06-05 17:16:47,528-Test: [60/69]	Time 1.247 (1.026)	Landmark MAE 0.599 (0.607)	Pose MAE 0.181 (0.177)	Mem 10201MB
Training: 2026-06-05 17:16:56,248-[7999]Landmark MAE: 0.60755
Training: 2026-06-05 17:16:56,249-[7999]Landmark MAE-Best: 0.60673
Training: 2026-06-05 17:16:56,249-[7999]Pose MAE: 0.17844
Training: 2026-06-05 17:16:56,249-[7999]Pose MAE-Best: 0.17844
Training: 2026-06-05 17:16:56,249-[7999]10 Times Avg MAE: 0.41527
Training: 2026-06-05 17:16:56,249-[7999]10 Times Avg MAE-Best: 0.41463
Training: 2026-06-05 17:17:04,682-Speed 13.65 samples/sec   Loss 1.4011  Expression Loss 1.1973      HeadPose Loss 0.2038      LearningRate 0.000012   Epoch: 14   Global Step: 8009   Fp16 Grad Scale: 524288   Required: 17 hours


Training: 2026-06-05 17:17:12,775-Speed 158.17 samples/sec   Loss 1.3345  Expression Loss 1.1409      HeadPose Loss 0.1936      LearningRate 0.000012   Epoch: 14   Global Step: 8019   Fp16 Grad Scale: 524288   Required: 17 hours


Training: 2026-06-05 17:17:20,858-Speed 158.36 samples/sec   Loss 1.3073  Expression Loss 1.1135      HeadPose Loss 0.1938      LearningRate 0.000012   Epoch: 14   Global Step: 8029   Fp16 Grad Scale: 524288   Required: 17 hours


Training: 2026-06-05 17:17:28,941-Speed 158.37 samples/sec   Loss 1.3090  Expression Loss 1.1286      HeadPose Loss 0.1804      LearningRate 0.000012   Epoch: 14   Global Step: 8039   Fp16 Grad Scale: 524288   Required: 17 hours


Training: 2026-06-05 17:17:37,004-Speed 158.77 samples/sec   Loss 1.3006  Expression Loss 1.1333      HeadPose Loss 0.1673      LearningRate 0.000012   Epoch: 14   Global Step: 8049   Fp16 Grad Scale: 524288   Required: 17 hours


Training: 2026-06-05 17:17:45,086-Speed 158.38 samples/sec   Loss 1.3354  Expression Loss 1.1231      HeadPose Loss 0.2123      LearningRate 0.000012   Epoch: 14   Global Step: 8059   Fp16 Grad Scale: 524288   Required: 17 hours


Training: 2026-06-05 17:17:53,166-Speed 158.43 samples/sec   Loss 1.2927  Expression Loss 1.1105      HeadPose Loss 0.1822      LearningRate 0.000012   Epoch: 14   Global Step: 8069   Fp16 Grad Scale: 524288   Required: 17 hours


Training: 2026-06-05 17:18:01,269-Speed 157.97 samples/sec   Loss 1.3892  Expression Loss 1.1968      HeadPose Loss 0.1925      LearningRate 0.000012   Epoch: 14   Global Step: 8079   Fp16 Grad Scale: 524288   Required: 17 hours


Training: 2026-06-05 17:18:09,395-Speed 157.52 samples/sec   Loss 1.3449  Expression Loss 1.1213      HeadPose Loss 0.2235      LearningRate 0.000012   Epoch: 14   Global Step: 8089   Fp16 Grad Scale: 524288   Required: 17 hours


Training: 2026-06-05 17:18:17,506-Speed 157.82 samples/sec   Loss 1.4105  Expression Loss 1.1879      HeadPose Loss 0.2226      LearningRate 0.000012   Epoch: 14   Global Step: 8099   Fp16 Grad Scale: 524288   Required: 17 hours


Training: 2026-06-05 17:18:25,623-Speed 157.70 samples/sec   Loss 1.2546  Expression Loss 1.0779      HeadPose Loss 0.1767      LearningRate 0.000012   Epoch: 14   Global Step: 8109   Fp16 Grad Scale: 524288   Required: 17 hours


Training: 2026-06-05 17:18:33,732-Speed 157.86 samples/sec   Loss 1.3463  Expression Loss 1.1532      HeadPose Loss 0.1932      LearningRate 0.000012   Epoch: 14   Global Step: 8119   Fp16 Grad Scale: 524288   Required: 17 hours


Training: 2026-06-05 17:18:41,843-Speed 157.82 samples/sec   Loss 1.2784  Expression Loss 1.0935      HeadPose Loss 0.1849      LearningRate 0.000012   Epoch: 14   Global Step: 8129   Fp16 Grad Scale: 524288   Required: 17 hours


Training: 2026-06-05 17:18:49,951-Speed 157.88 samples/sec   Loss 1.3101  Expression Loss 1.1149      HeadPose Loss 0.1953      LearningRate 0.000012   Epoch: 14   Global Step: 8139   Fp16 Grad Scale: 524288   Required: 17 hours


Training: 2026-06-05 17:18:58,063-Speed 157.80 samples/sec   Loss 1.3109  Expression Loss 1.0970      HeadPose Loss 0.2140      LearningRate 0.000012   Epoch: 14   Global Step: 8149   Fp16 Grad Scale: 1048576   Required: 17 hours


Training: 2026-06-05 17:19:06,164-Speed 158.02 samples/sec   Loss 1.4964  Expression Loss 1.2682      HeadPose Loss 0.2281      LearningRate 0.000012   Epoch: 14   Global Step: 8159   Fp16 Grad Scale: 524288   Required: 17 hours


Training: 2026-06-05 17:19:14,278-Speed 157.75 samples/sec   Loss 1.3647  Expression Loss 1.1651      HeadPose Loss 0.1996      LearningRate 0.000012   Epoch: 14   Global Step: 8169   Fp16 Grad Scale: 524288   Required: 17 hours


Training: 2026-06-05 17:19:22,387-Speed 157.85 samples/sec   Loss 1.2960  Expression Loss 1.1046      HeadPose Loss 0.1914      LearningRate 0.000012   Epoch: 14   Global Step: 8179   Fp16 Grad Scale: 524288   Required: 17 hours


Training: 2026-06-05 17:19:30,499-Speed 157.80 samples/sec   Loss 1.3821  Expression Loss 1.1862      HeadPose Loss 0.1958      LearningRate 0.000012   Epoch: 14   Global Step: 8189   Fp16 Grad Scale: 524288   Required: 17 hours


Training: 2026-06-05 17:19:38,624-Speed 157.56 samples/sec   Loss 1.3092  Expression Loss 1.1172      HeadPose Loss 0.1920      LearningRate 0.000012   Epoch: 14   Global Step: 8199   Fp16 Grad Scale: 524288   Required: 17 hours


Training: 2026-06-05 17:19:46,756-Speed 157.40 samples/sec   Loss 1.3716  Expression Loss 1.1860      HeadPose Loss 0.1856      LearningRate 0.000012   Epoch: 14   Global Step: 8209   Fp16 Grad Scale: 524288   Required: 17 hours


Training: 2026-06-05 17:19:54,890-Speed 157.37 samples/sec   Loss 1.3206  Expression Loss 1.1111      HeadPose Loss 0.2094      LearningRate 0.000012   Epoch: 14   Global Step: 8219   Fp16 Grad Scale: 524288   Required: 17 hours


Training: 2026-06-05 17:20:03,007-Speed 157.71 samples/sec   Loss 1.3506  Expression Loss 1.1550      HeadPose Loss 0.1955      LearningRate 0.000012   Epoch: 14   Global Step: 8229   Fp16 Grad Scale: 524288   Required: 17 hours


Training: 2026-06-05 17:20:11,132-Speed 157.54 samples/sec   Loss 1.3561  Expression Loss 1.1623      HeadPose Loss 0.1938      LearningRate 0.000012   Epoch: 14   Global Step: 8239   Fp16 Grad Scale: 524288   Required: 17 hours


Training: 2026-06-05 17:20:19,282-Speed 157.07 samples/sec   Loss 1.2186  Expression Loss 1.0272      HeadPose Loss 0.1914      LearningRate 0.000012   Epoch: 14   Global Step: 8249   Fp16 Grad Scale: 524288   Required: 17 hours


/home/lslopes/.conda/envs/swin-det/lib/python3.7/site-packages/torchvision/transforms/functional.py:418: UserWarning: Argument 'interpolation' of type int is deprecated since 0.13 and will be removed in 0.15. Please use InterpolationMode enum.
  "Argument 'interpolation' of type int is deprecated since 0.13 and will be removed in 0.15. "
/home/lslopes/.conda/envs/swin-det/lib/python3.7/site-packages/torchvision/transforms/functional.py:418: UserWarning: Argument 'interpolation' of type int is deprecated since 0.13 and will be removed in 0.15. Please use InterpolationMode enum.
  "Argument 'interpolation' of type int is deprecated since 0.13 and will be removed in 0.15. "
Training: 2026-06-05 17:20:28,175-Speed 143.95 samples/sec   Loss 1.3602  Expression Loss 1.1623      HeadPose Loss 0.1979      LearningRate 0.000012   Epoch: 15   Global Step: 8259   Fp16 Grad Scale: 524288   Required: 17 hours


Training: 2026-06-05 17:20:36,296-Speed 157.63 samples/sec   Loss 1.3314  Expression Loss 1.1656      HeadPose Loss 0.1657      LearningRate 0.000012   Epoch: 15   Global Step: 8269   Fp16 Grad Scale: 524288   Required: 17 hours


Training: 2026-06-05 17:20:44,432-Speed 157.33 samples/sec   Loss 1.2972  Expression Loss 1.0957      HeadPose Loss 0.2015      LearningRate 0.000012   Epoch: 15   Global Step: 8279   Fp16 Grad Scale: 524288   Required: 17 hours


Training: 2026-06-05 17:20:52,543-Speed 157.81 samples/sec   Loss 1.3169  Expression Loss 1.1159      HeadPose Loss 0.2010      LearningRate 0.000012   Epoch: 15   Global Step: 8289   Fp16 Grad Scale: 524288   Required: 17 hours


Training: 2026-06-05 17:21:00,659-Speed 157.73 samples/sec   Loss 1.2486  Expression Loss 1.0663      HeadPose Loss 0.1822      LearningRate 0.000012   Epoch: 15   Global Step: 8299   Fp16 Grad Scale: 524288   Required: 17 hours


Training: 2026-06-05 17:21:08,784-Speed 157.54 samples/sec   Loss 1.4016  Expression Loss 1.2079      HeadPose Loss 0.1937      LearningRate 0.000012   Epoch: 15   Global Step: 8309   Fp16 Grad Scale: 524288   Required: 17 hours


Training: 2026-06-05 17:21:17,101-Speed 153.92 samples/sec   Loss 1.3310  Expression Loss 1.1383      HeadPose Loss 0.1926      LearningRate 0.000012   Epoch: 15   Global Step: 8319   Fp16 Grad Scale: 524288   Required: 17 hours


Training: 2026-06-05 17:21:25,355-Speed 155.08 samples/sec   Loss 1.2947  Expression Loss 1.1120      HeadPose Loss 0.1827      LearningRate 0.000012   Epoch: 15   Global Step: 8329   Fp16 Grad Scale: 524288   Required: 17 hours


Training: 2026-06-05 17:21:33,479-Speed 157.57 samples/sec   Loss 1.3734  Expression Loss 1.1526      HeadPose Loss 0.2208      LearningRate 0.000012   Epoch: 15   Global Step: 8339   Fp16 Grad Scale: 524288   Required: 17 hours


Training: 2026-06-05 17:21:41,604-Speed 157.55 samples/sec   Loss 1.3195  Expression Loss 1.1336      HeadPose Loss 0.1859      LearningRate 0.000012   Epoch: 15   Global Step: 8349   Fp16 Grad Scale: 524288   Required: 17 hours


Training: 2026-06-05 17:21:49,724-Speed 157.64 samples/sec   Loss 1.3707  Expression Loss 1.1550      HeadPose Loss 0.2157      LearningRate 0.000012   Epoch: 15   Global Step: 8359   Fp16 Grad Scale: 1048576   Required: 17 hours


Training: 2026-06-05 17:21:57,851-Speed 157.51 samples/sec   Loss 1.3152  Expression Loss 1.0988      HeadPose Loss 0.2164      LearningRate 0.000012   Epoch: 15   Global Step: 8369   Fp16 Grad Scale: 1048576   Required: 17 hours


Training: 2026-06-05 17:22:05,958-Speed 157.89 samples/sec   Loss 1.2799  Expression Loss 1.0880      HeadPose Loss 0.1920      LearningRate 0.000012   Epoch: 15   Global Step: 8379   Fp16 Grad Scale: 524288   Required: 17 hours


Training: 2026-06-05 17:22:14,082-Speed 157.56 samples/sec   Loss 1.3268  Expression Loss 1.1505      HeadPose Loss 0.1764      LearningRate 0.000012   Epoch: 15   Global Step: 8389   Fp16 Grad Scale: 524288   Required: 17 hours


Training: 2026-06-05 17:22:22,210-Speed 157.49 samples/sec   Loss 1.2647  Expression Loss 1.0837      HeadPose Loss 0.1810      LearningRate 0.000012   Epoch: 15   Global Step: 8399   Fp16 Grad Scale: 524288   Required: 17 hours


Training: 2026-06-05 17:22:30,325-Speed 157.75 samples/sec   Loss 1.3662  Expression Loss 1.1837      HeadPose Loss 0.1824      LearningRate 0.000012   Epoch: 15   Global Step: 8409   Fp16 Grad Scale: 524288   Required: 17 hours


Training: 2026-06-05 17:22:38,452-Speed 157.52 samples/sec   Loss 1.3855  Expression Loss 1.1930      HeadPose Loss 0.1925      LearningRate 0.000012   Epoch: 15   Global Step: 8419   Fp16 Grad Scale: 524288   Required: 17 hours


Training: 2026-06-05 17:22:46,582-Speed 157.44 samples/sec   Loss 1.3467  Expression Loss 1.1596      HeadPose Loss 0.1871      LearningRate 0.000012   Epoch: 15   Global Step: 8429   Fp16 Grad Scale: 524288   Required: 17 hours


Training: 2026-06-05 17:22:54,715-Speed 157.39 samples/sec   Loss 1.3708  Expression Loss 1.1723      HeadPose Loss 0.1985      LearningRate 0.000012   Epoch: 15   Global Step: 8439   Fp16 Grad Scale: 524288   Required: 17 hours


Training: 2026-06-05 17:23:02,844-Speed 157.47 samples/sec   Loss 1.3123  Expression Loss 1.1264      HeadPose Loss 0.1858      LearningRate 0.000012   Epoch: 15   Global Step: 8449   Fp16 Grad Scale: 524288   Required: 17 hours


Training: 2026-06-05 17:23:11,211-Speed 152.98 samples/sec   Loss 1.3511  Expression Loss 1.1387      HeadPose Loss 0.2125      LearningRate 0.000012   Epoch: 15   Global Step: 8459   Fp16 Grad Scale: 524288   Required: 17 hours


Training: 2026-06-05 17:23:19,362-Speed 157.06 samples/sec   Loss 1.3205  Expression Loss 1.1283      HeadPose Loss 0.1921      LearningRate 0.000012   Epoch: 15   Global Step: 8469   Fp16 Grad Scale: 524288   Required: 17 hours


Training: 2026-06-05 17:23:27,502-Speed 157.25 samples/sec   Loss 1.2632  Expression Loss 1.0766      HeadPose Loss 0.1866      LearningRate 0.000012   Epoch: 15   Global Step: 8479   Fp16 Grad Scale: 1048576   Required: 17 hours


Training: 2026-06-05 17:23:35,627-Speed 157.54 samples/sec   Loss 1.3431  Expression Loss 1.1481      HeadPose Loss 0.1951      LearningRate 0.000012   Epoch: 15   Global Step: 8489   Fp16 Grad Scale: 524288   Required: 17 hours


Training: 2026-06-05 17:23:43,759-Speed 157.41 samples/sec   Loss 1.2785  Expression Loss 1.0939      HeadPose Loss 0.1846      LearningRate 0.000012   Epoch: 15   Global Step: 8499   Fp16 Grad Scale: 524288   Required: 17 hours


Training: 2026-06-05 17:23:51,897-Speed 157.29 samples/sec   Loss 1.3043  Expression Loss 1.1023      HeadPose Loss 0.2020      LearningRate 0.000012   Epoch: 15   Global Step: 8509   Fp16 Grad Scale: 524288   Required: 17 hours


Training: 2026-06-05 17:24:00,036-Speed 157.29 samples/sec   Loss 1.3200  Expression Loss 1.1188      HeadPose Loss 0.2013      LearningRate 0.000012   Epoch: 15   Global Step: 8519   Fp16 Grad Scale: 524288   Required: 17 hours


Training: 2026-06-05 17:24:08,158-Speed 157.60 samples/sec   Loss 1.3717  Expression Loss 1.1734      HeadPose Loss 0.1983      LearningRate 0.000012   Epoch: 15   Global Step: 8529   Fp16 Grad Scale: 524288   Required: 17 hours


Training: 2026-06-05 17:24:16,288-Speed 157.45 samples/sec   Loss 1.4030  Expression Loss 1.2106      HeadPose Loss 0.1924      LearningRate 0.000012   Epoch: 15   Global Step: 8539   Fp16 Grad Scale: 524288   Required: 17 hours


Training: 2026-06-05 17:24:24,424-Speed 157.34 samples/sec   Loss 1.3103  Expression Loss 1.1223      HeadPose Loss 0.1880      LearningRate 0.000012   Epoch: 15   Global Step: 8549   Fp16 Grad Scale: 524288   Required: 17 hours


Training: 2026-06-05 17:24:32,562-Speed 157.29 samples/sec   Loss 1.2766  Expression Loss 1.0707      HeadPose Loss 0.2060      LearningRate 0.000012   Epoch: 15   Global Step: 8559   Fp16 Grad Scale: 524288   Required: 17 hours


Training: 2026-06-05 17:24:40,702-Speed 157.26 samples/sec   Loss 1.3207  Expression Loss 1.1360      HeadPose Loss 0.1847      LearningRate 0.000012   Epoch: 15   Global Step: 8569   Fp16 Grad Scale: 524288   Required: 17 hours


Training: 2026-06-05 17:24:48,836-Speed 157.37 samples/sec   Loss 1.3174  Expression Loss 1.1340      HeadPose Loss 0.1835      LearningRate 0.000012   Epoch: 15   Global Step: 8579   Fp16 Grad Scale: 524288   Required: 17 hours


Training: 2026-06-05 17:24:56,960-Speed 157.56 samples/sec   Loss 1.3183  Expression Loss 1.1397      HeadPose Loss 0.1785      LearningRate 0.000012   Epoch: 15   Global Step: 8589   Fp16 Grad Scale: 524288   Required: 17 hours


Training: 2026-06-05 17:25:05,119-Speed 156.89 samples/sec   Loss 1.3123  Expression Loss 1.1162      HeadPose Loss 0.1962      LearningRate 0.000012   Epoch: 15   Global Step: 8599   Fp16 Grad Scale: 524288   Required: 17 hours


Training: 2026-06-05 17:25:13,254-Speed 157.36 samples/sec   Loss 1.3127  Expression Loss 1.1301      HeadPose Loss 0.1825      LearningRate 0.000012   Epoch: 15   Global Step: 8609   Fp16 Grad Scale: 524288   Required: 17 hours


Training: 2026-06-05 17:25:21,392-Speed 157.31 samples/sec   Loss 1.3778  Expression Loss 1.1954      HeadPose Loss 0.1823      LearningRate 0.000012   Epoch: 15   Global Step: 8619   Fp16 Grad Scale: 524288   Required: 17 hours


Training: 2026-06-05 17:25:29,527-Speed 157.34 samples/sec   Loss 1.2843  Expression Loss 1.1001      HeadPose Loss 0.1842      LearningRate 0.000012   Epoch: 15   Global Step: 8629   Fp16 Grad Scale: 524288   Required: 17 hours


Training: 2026-06-05 17:25:37,655-Speed 157.49 samples/sec   Loss 1.3049  Expression Loss 1.0982      HeadPose Loss 0.2068      LearningRate 0.000012   Epoch: 15   Global Step: 8639   Fp16 Grad Scale: 524288   Required: 17 hours


Training: 2026-06-05 17:25:45,784-Speed 157.47 samples/sec   Loss 1.3539  Expression Loss 1.1496      HeadPose Loss 0.2043      LearningRate 0.000012   Epoch: 15   Global Step: 8649   Fp16 Grad Scale: 524288   Required: 17 hours


Training: 2026-06-05 17:25:53,921-Speed 157.32 samples/sec   Loss 1.2979  Expression Loss 1.0976      HeadPose Loss 0.2003      LearningRate 0.000012   Epoch: 15   Global Step: 8659   Fp16 Grad Scale: 524288   Required: 17 hours


Training: 2026-06-05 17:26:02,066-Speed 157.17 samples/sec   Loss 1.2835  Expression Loss 1.1037      HeadPose Loss 0.1798      LearningRate 0.000012   Epoch: 15   Global Step: 8669   Fp16 Grad Scale: 524288   Required: 17 hours


Training: 2026-06-05 17:26:10,200-Speed 157.37 samples/sec   Loss 1.2209  Expression Loss 1.0385      HeadPose Loss 0.1824      LearningRate 0.000012   Epoch: 15   Global Step: 8679   Fp16 Grad Scale: 524288   Required: 17 hours


Training: 2026-06-05 17:26:18,335-Speed 157.35 samples/sec   Loss 1.2955  Expression Loss 1.1052      HeadPose Loss 0.1904      LearningRate 0.000012   Epoch: 15   Global Step: 8689   Fp16 Grad Scale: 1048576   Required: 17 hours


Training: 2026-06-05 17:26:26,468-Speed 157.40 samples/sec   Loss 1.3497  Expression Loss 1.1491      HeadPose Loss 0.2006      LearningRate 0.000012   Epoch: 15   Global Step: 8699   Fp16 Grad Scale: 524288   Required: 17 hours


Training: 2026-06-05 17:26:34,606-Speed 157.29 samples/sec   Loss 1.2964  Expression Loss 1.0827      HeadPose Loss 0.2137      LearningRate 0.000012   Epoch: 15   Global Step: 8709   Fp16 Grad Scale: 524288   Required: 17 hours


Training: 2026-06-05 17:26:42,733-Speed 157.51 samples/sec   Loss 1.3051  Expression Loss 1.1197      HeadPose Loss 0.1854      LearningRate 0.000012   Epoch: 15   Global Step: 8719   Fp16 Grad Scale: 524288   Required: 17 hours


Training: 2026-06-05 17:26:50,870-Speed 157.32 samples/sec   Loss 1.3828  Expression Loss 1.2011      HeadPose Loss 0.1818      LearningRate 0.000012   Epoch: 15   Global Step: 8729   Fp16 Grad Scale: 524288   Required: 17 hours


Training: 2026-06-05 17:26:59,010-Speed 157.25 samples/sec   Loss 1.3073  Expression Loss 1.1050      HeadPose Loss 0.2023      LearningRate 0.000012   Epoch: 15   Global Step: 8739   Fp16 Grad Scale: 524288   Required: 17 hours


Training: 2026-06-05 17:27:07,145-Speed 157.35 samples/sec   Loss 1.2624  Expression Loss 1.0765      HeadPose Loss 0.1858      LearningRate 0.000012   Epoch: 15   Global Step: 8749   Fp16 Grad Scale: 524288   Required: 17 hours


Training: 2026-06-05 17:27:15,286-Speed 157.24 samples/sec   Loss 1.3606  Expression Loss 1.1595      HeadPose Loss 0.2012      LearningRate 0.000012   Epoch: 15   Global Step: 8759   Fp16 Grad Scale: 524288   Required: 17 hours


Training: 2026-06-05 17:27:23,424-Speed 157.30 samples/sec   Loss 1.2574  Expression Loss 1.0399      HeadPose Loss 0.2175      LearningRate 0.000012   Epoch: 15   Global Step: 8769   Fp16 Grad Scale: 524288   Required: 17 hours


Training: 2026-06-05 17:27:31,575-Speed 157.05 samples/sec   Loss 1.3181  Expression Loss 1.1351      HeadPose Loss 0.1829      LearningRate 0.000012   Epoch: 15   Global Step: 8779   Fp16 Grad Scale: 524288   Required: 17 hours


Training: 2026-06-05 17:27:39,712-Speed 157.31 samples/sec   Loss 1.3543  Expression Loss 1.1651      HeadPose Loss 0.1892      LearningRate 0.000012   Epoch: 15   Global Step: 8789   Fp16 Grad Scale: 524288   Required: 17 hours


Training: 2026-06-05 17:27:47,850-Speed 157.30 samples/sec   Loss 1.2801  Expression Loss 1.1000      HeadPose Loss 0.1800      LearningRate 0.000012   Epoch: 15   Global Step: 8799   Fp16 Grad Scale: 1048576   Required: 17 hours


/home/lslopes/.conda/envs/swin-det/lib/python3.7/site-packages/torchvision/transforms/functional.py:418: UserWarning: Argument 'interpolation' of type int is deprecated since 0.13 and will be removed in 0.15. Please use InterpolationMode enum.
  "Argument 'interpolation' of type int is deprecated since 0.13 and will be removed in 0.15. "
/home/lslopes/.conda/envs/swin-det/lib/python3.7/site-packages/torchvision/transforms/functional.py:418: UserWarning: Argument 'interpolation' of type int is deprecated since 0.13 and will be removed in 0.15. Please use InterpolationMode enum.
  "Argument 'interpolation' of type int is deprecated since 0.13 and will be removed in 0.15. "
Training: 2026-06-05 17:27:57,152-Speed 137.61 samples/sec   Loss 1.3404  Expression Loss 1.1581      HeadPose Loss 0.1823      LearningRate 0.000012   Epoch: 16   Global Step: 8809   Fp16 Grad Scale: 1048576   Required: 17 hours


Training: 2026-06-05 17:28:05,251-Speed 158.05 samples/sec   Loss 1.3602  Expression Loss 1.1697      HeadPose Loss 0.1905      LearningRate 0.000012   Epoch: 16   Global Step: 8819   Fp16 Grad Scale: 524288   Required: 17 hours


Training: 2026-06-05 17:28:13,360-Speed 157.86 samples/sec   Loss 1.2960  Expression Loss 1.1184      HeadPose Loss 0.1776      LearningRate 0.000012   Epoch: 16   Global Step: 8829   Fp16 Grad Scale: 524288   Required: 17 hours


Training: 2026-06-05 17:28:21,488-Speed 157.49 samples/sec   Loss 1.3580  Expression Loss 1.1746      HeadPose Loss 0.1835      LearningRate 0.000012   Epoch: 16   Global Step: 8839   Fp16 Grad Scale: 524288   Required: 17 hours


Training: 2026-06-05 17:28:29,616-Speed 157.49 samples/sec   Loss 1.2922  Expression Loss 1.0994      HeadPose Loss 0.1928      LearningRate 0.000012   Epoch: 16   Global Step: 8849   Fp16 Grad Scale: 524288   Required: 17 hours


Training: 2026-06-05 17:28:37,742-Speed 157.53 samples/sec   Loss 1.3421  Expression Loss 1.1499      HeadPose Loss 0.1921      LearningRate 0.000012   Epoch: 16   Global Step: 8859   Fp16 Grad Scale: 524288   Required: 17 hours


Training: 2026-06-05 17:28:45,861-Speed 157.66 samples/sec   Loss 1.3057  Expression Loss 1.1108      HeadPose Loss 0.1949      LearningRate 0.000012   Epoch: 16   Global Step: 8869   Fp16 Grad Scale: 524288   Required: 17 hours


Training: 2026-06-05 17:28:53,984-Speed 157.59 samples/sec   Loss 1.2546  Expression Loss 1.0481      HeadPose Loss 0.2065      LearningRate 0.000012   Epoch: 16   Global Step: 8879   Fp16 Grad Scale: 524288   Required: 17 hours


Training: 2026-06-05 17:29:02,107-Speed 157.58 samples/sec   Loss 1.3861  Expression Loss 1.1796      HeadPose Loss 0.2064      LearningRate 0.000012   Epoch: 16   Global Step: 8889   Fp16 Grad Scale: 524288   Required: 17 hours


Training: 2026-06-05 17:29:10,231-Speed 157.57 samples/sec   Loss 1.3817  Expression Loss 1.1903      HeadPose Loss 0.1914      LearningRate 0.000012   Epoch: 16   Global Step: 8899   Fp16 Grad Scale: 524288   Required: 17 hours


Training: 2026-06-05 17:29:18,343-Speed 157.80 samples/sec   Loss 1.3328  Expression Loss 1.1508      HeadPose Loss 0.1820      LearningRate 0.000012   Epoch: 16   Global Step: 8909   Fp16 Grad Scale: 524288   Required: 17 hours


Training: 2026-06-05 17:29:26,454-Speed 157.83 samples/sec   Loss 1.2919  Expression Loss 1.1121      HeadPose Loss 0.1798      LearningRate 0.000012   Epoch: 16   Global Step: 8919   Fp16 Grad Scale: 524288   Required: 17 hours


Training: 2026-06-05 17:29:34,583-Speed 157.46 samples/sec   Loss 1.2269  Expression Loss 1.0606      HeadPose Loss 0.1663      LearningRate 0.000012   Epoch: 16   Global Step: 8929   Fp16 Grad Scale: 524288   Required: 17 hours


Training: 2026-06-05 17:29:42,712-Speed 157.48 samples/sec   Loss 1.3263  Expression Loss 1.1464      HeadPose Loss 0.1799      LearningRate 0.000012   Epoch: 16   Global Step: 8939   Fp16 Grad Scale: 524288   Required: 17 hours


Training: 2026-06-05 17:29:50,846-Speed 157.38 samples/sec   Loss 1.2536  Expression Loss 1.0627      HeadPose Loss 0.1909      LearningRate 0.000012   Epoch: 16   Global Step: 8949   Fp16 Grad Scale: 524288   Required: 17 hours


Training: 2026-06-05 17:29:58,980-Speed 157.37 samples/sec   Loss 1.3567  Expression Loss 1.1631      HeadPose Loss 0.1936      LearningRate 0.000012   Epoch: 16   Global Step: 8959   Fp16 Grad Scale: 524288   Required: 17 hours


Training: 2026-06-05 17:30:07,104-Speed 157.56 samples/sec   Loss 1.3399  Expression Loss 1.1556      HeadPose Loss 0.1843      LearningRate 0.000012   Epoch: 16   Global Step: 8969   Fp16 Grad Scale: 524288   Required: 17 hours


Training: 2026-06-05 17:30:15,224-Speed 157.65 samples/sec   Loss 1.2694  Expression Loss 1.0731      HeadPose Loss 0.1963      LearningRate 0.000012   Epoch: 16   Global Step: 8979   Fp16 Grad Scale: 524288   Required: 17 hours


Training: 2026-06-05 17:30:23,336-Speed 157.79 samples/sec   Loss 1.2767  Expression Loss 1.0634      HeadPose Loss 0.2133      LearningRate 0.000012   Epoch: 16   Global Step: 8989   Fp16 Grad Scale: 524288   Required: 17 hours


Training: 2026-06-05 17:30:31,455-Speed 157.67 samples/sec   Loss 1.2821  Expression Loss 1.0805      HeadPose Loss 0.2016      LearningRate 0.000012   Epoch: 16   Global Step: 8999   Fp16 Grad Scale: 524288   Required: 17 hours


Training: 2026-06-05 17:30:39,578-Speed 157.58 samples/sec   Loss 1.3958  Expression Loss 1.1699      HeadPose Loss 0.2259      LearningRate 0.000012   Epoch: 16   Global Step: 9009   Fp16 Grad Scale: 524288   Required: 17 hours


Training: 2026-06-05 17:30:47,686-Speed 157.88 samples/sec   Loss 1.4002  Expression Loss 1.1957      HeadPose Loss 0.2044      LearningRate 0.000012   Epoch: 16   Global Step: 9019   Fp16 Grad Scale: 524288   Required: 17 hours


Training: 2026-06-05 17:30:55,808-Speed 157.60 samples/sec   Loss 1.3089  Expression Loss 1.1099      HeadPose Loss 0.1990      LearningRate 0.000012   Epoch: 16   Global Step: 9029   Fp16 Grad Scale: 524288   Required: 17 hours


Training: 2026-06-05 17:31:03,935-Speed 157.51 samples/sec   Loss 1.3195  Expression Loss 1.1218      HeadPose Loss 0.1977      LearningRate 0.000012   Epoch: 16   Global Step: 9039   Fp16 Grad Scale: 524288   Required: 17 hours


Training: 2026-06-05 17:31:12,049-Speed 157.76 samples/sec   Loss 1.3597  Expression Loss 1.1457      HeadPose Loss 0.2141      LearningRate 0.000012   Epoch: 16   Global Step: 9049   Fp16 Grad Scale: 524288   Required: 17 hours


Training: 2026-06-05 17:31:20,163-Speed 157.76 samples/sec   Loss 1.3582  Expression Loss 1.1679      HeadPose Loss 0.1903      LearningRate 0.000012   Epoch: 16   Global Step: 9059   Fp16 Grad Scale: 524288   Required: 17 hours


Training: 2026-06-05 17:31:28,284-Speed 157.63 samples/sec   Loss 1.2787  Expression Loss 1.0767      HeadPose Loss 0.2020      LearningRate 0.000012   Epoch: 16   Global Step: 9069   Fp16 Grad Scale: 524288   Required: 17 hours


Training: 2026-06-05 17:31:36,402-Speed 157.69 samples/sec   Loss 1.3419  Expression Loss 1.1620      HeadPose Loss 0.1799      LearningRate 0.000012   Epoch: 16   Global Step: 9079   Fp16 Grad Scale: 524288   Required: 17 hours


Training: 2026-06-05 17:31:44,515-Speed 157.78 samples/sec   Loss 1.2976  Expression Loss 1.1050      HeadPose Loss 0.1925      LearningRate 0.000012   Epoch: 16   Global Step: 9089   Fp16 Grad Scale: 524288   Required: 17 hours


Training: 2026-06-05 17:31:52,608-Speed 158.16 samples/sec   Loss 1.2568  Expression Loss 1.0580      HeadPose Loss 0.1989      LearningRate 0.000012   Epoch: 16   Global Step: 9099   Fp16 Grad Scale: 524288   Required: 17 hours


Training: 2026-06-05 17:32:00,711-Speed 157.99 samples/sec   Loss 1.3240  Expression Loss 1.1269      HeadPose Loss 0.1970      LearningRate 0.000012   Epoch: 16   Global Step: 9109   Fp16 Grad Scale: 524288   Required: 17 hours


Training: 2026-06-05 17:32:08,816-Speed 157.93 samples/sec   Loss 1.3187  Expression Loss 1.1190      HeadPose Loss 0.1997      LearningRate 0.000012   Epoch: 16   Global Step: 9119   Fp16 Grad Scale: 524288   Required: 17 hours


Training: 2026-06-05 17:32:16,936-Speed 157.64 samples/sec   Loss 1.3232  Expression Loss 1.1290      HeadPose Loss 0.1941      LearningRate 0.000012   Epoch: 16   Global Step: 9129   Fp16 Grad Scale: 524288   Required: 17 hours


Training: 2026-06-05 17:32:25,058-Speed 157.61 samples/sec   Loss 1.2666  Expression Loss 1.0881      HeadPose Loss 0.1785      LearningRate 0.000012   Epoch: 16   Global Step: 9139   Fp16 Grad Scale: 524288   Required: 17 hours


Training: 2026-06-05 17:32:33,193-Speed 157.35 samples/sec   Loss 1.2918  Expression Loss 1.1016      HeadPose Loss 0.1902      LearningRate 0.000012   Epoch: 16   Global Step: 9149   Fp16 Grad Scale: 524288   Required: 17 hours


Training: 2026-06-05 17:32:41,330-Speed 157.33 samples/sec   Loss 1.4431  Expression Loss 1.2375      HeadPose Loss 0.2056      LearningRate 0.000012   Epoch: 16   Global Step: 9159   Fp16 Grad Scale: 524288   Required: 17 hours


Training: 2026-06-05 17:32:49,458-Speed 157.48 samples/sec   Loss 1.3335  Expression Loss 1.1268      HeadPose Loss 0.2066      LearningRate 0.000012   Epoch: 16   Global Step: 9169   Fp16 Grad Scale: 524288   Required: 17 hours


Training: 2026-06-05 17:32:57,565-Speed 157.90 samples/sec   Loss 1.3235  Expression Loss 1.1327      HeadPose Loss 0.1907      LearningRate 0.000012   Epoch: 16   Global Step: 9179   Fp16 Grad Scale: 524288   Required: 17 hours


Training: 2026-06-05 17:33:05,664-Speed 158.04 samples/sec   Loss 1.3659  Expression Loss 1.1935      HeadPose Loss 0.1724      LearningRate 0.000012   Epoch: 16   Global Step: 9189   Fp16 Grad Scale: 524288   Required: 17 hours


Training: 2026-06-05 17:33:13,779-Speed 157.76 samples/sec   Loss 1.3025  Expression Loss 1.0966      HeadPose Loss 0.2060      LearningRate 0.000012   Epoch: 16   Global Step: 9199   Fp16 Grad Scale: 524288   Required: 17 hours


Training: 2026-06-05 17:33:21,898-Speed 157.66 samples/sec   Loss 1.3031  Expression Loss 1.1084      HeadPose Loss 0.1947      LearningRate 0.000012   Epoch: 16   Global Step: 9209   Fp16 Grad Scale: 524288   Required: 17 hours


Training: 2026-06-05 17:33:30,016-Speed 157.69 samples/sec   Loss 1.2919  Expression Loss 1.0994      HeadPose Loss 0.1924      LearningRate 0.000012   Epoch: 16   Global Step: 9219   Fp16 Grad Scale: 1048576   Required: 17 hours


Training: 2026-06-05 17:33:38,139-Speed 157.58 samples/sec   Loss 1.3078  Expression Loss 1.1137      HeadPose Loss 0.1941      LearningRate 0.000012   Epoch: 16   Global Step: 9229   Fp16 Grad Scale: 1048576   Required: 17 hours


Training: 2026-06-05 17:33:46,263-Speed 157.56 samples/sec   Loss 1.2926  Expression Loss 1.0777      HeadPose Loss 0.2149      LearningRate 0.000012   Epoch: 16   Global Step: 9239   Fp16 Grad Scale: 1048576   Required: 17 hours


Training: 2026-06-05 17:33:54,359-Speed 158.11 samples/sec   Loss 1.2561  Expression Loss 1.0795      HeadPose Loss 0.1766      LearningRate 0.000012   Epoch: 16   Global Step: 9249   Fp16 Grad Scale: 524288   Required: 17 hours


Training: 2026-06-05 17:34:02,470-Speed 157.83 samples/sec   Loss 1.3168  Expression Loss 1.1307      HeadPose Loss 0.1861      LearningRate 0.000012   Epoch: 16   Global Step: 9259   Fp16 Grad Scale: 524288   Required: 17 hours


Training: 2026-06-05 17:34:10,584-Speed 157.75 samples/sec   Loss 1.3160  Expression Loss 1.1141      HeadPose Loss 0.2018      LearningRate 0.000012   Epoch: 16   Global Step: 9269   Fp16 Grad Scale: 524288   Required: 17 hours


Training: 2026-06-05 17:34:18,721-Speed 157.33 samples/sec   Loss 1.3409  Expression Loss 1.1452      HeadPose Loss 0.1957      LearningRate 0.000012   Epoch: 16   Global Step: 9279   Fp16 Grad Scale: 524288   Required: 17 hours


Training: 2026-06-05 17:34:26,848-Speed 157.50 samples/sec   Loss 1.3438  Expression Loss 1.1598      HeadPose Loss 0.1840      LearningRate 0.000012   Epoch: 16   Global Step: 9289   Fp16 Grad Scale: 524288   Required: 17 hours


Training: 2026-06-05 17:34:34,971-Speed 157.58 samples/sec   Loss 1.3488  Expression Loss 1.1596      HeadPose Loss 0.1892      LearningRate 0.000012   Epoch: 16   Global Step: 9299   Fp16 Grad Scale: 524288   Required: 17 hours


Training: 2026-06-05 17:34:43,088-Speed 157.70 samples/sec   Loss 1.3017  Expression Loss 1.1269      HeadPose Loss 0.1748      LearningRate 0.000012   Epoch: 16   Global Step: 9309   Fp16 Grad Scale: 524288   Required: 17 hours


Training: 2026-06-05 17:34:51,235-Speed 157.12 samples/sec   Loss 1.3003  Expression Loss 1.0971      HeadPose Loss 0.2032      LearningRate 0.000012   Epoch: 16   Global Step: 9319   Fp16 Grad Scale: 524288   Required: 17 hours


Training: 2026-06-05 17:34:59,367-Speed 157.43 samples/sec   Loss 1.3478  Expression Loss 1.1558      HeadPose Loss 0.1920      LearningRate 0.000012   Epoch: 16   Global Step: 9329   Fp16 Grad Scale: 524288   Required: 17 hours


Training: 2026-06-05 17:35:07,483-Speed 157.70 samples/sec   Loss 1.3255  Expression Loss 1.1333      HeadPose Loss 0.1921      LearningRate 0.000012   Epoch: 16   Global Step: 9339   Fp16 Grad Scale: 524288   Required: 17 hours


Training: 2026-06-05 17:35:15,595-Speed 157.82 samples/sec   Loss 1.3621  Expression Loss 1.1787      HeadPose Loss 0.1834      LearningRate 0.000012   Epoch: 16   Global Step: 9349   Fp16 Grad Scale: 524288   Required: 17 hours


/home/lslopes/.conda/envs/swin-det/lib/python3.7/site-packages/torchvision/transforms/functional.py:418: UserWarning: Argument 'interpolation' of type int is deprecated since 0.13 and will be removed in 0.15. Please use InterpolationMode enum.
  "Argument 'interpolation' of type int is deprecated since 0.13 and will be removed in 0.15. "
/home/lslopes/.conda/envs/swin-det/lib/python3.7/site-packages/torchvision/transforms/functional.py:418: UserWarning: Argument 'interpolation' of type int is deprecated since 0.13 and will be removed in 0.15. Please use InterpolationMode enum.
  "Argument 'interpolation' of type int is deprecated since 0.13 and will be removed in 0.15. "
Training: 2026-06-05 17:35:24,567-Speed 142.67 samples/sec   Loss 1.2390  Expression Loss 1.0687      HeadPose Loss 0.1703      LearningRate 0.000012   Epoch: 17   Global Step: 9359   Fp16 Grad Scale: 524288   Required: 17 hours


Training: 2026-06-05 17:35:32,686-Speed 157.66 samples/sec   Loss 1.3022  Expression Loss 1.1037      HeadPose Loss 0.1986      LearningRate 0.000012   Epoch: 17   Global Step: 9369   Fp16 Grad Scale: 524288   Required: 17 hours


Training: 2026-06-05 17:35:40,806-Speed 157.64 samples/sec   Loss 1.3319  Expression Loss 1.1474      HeadPose Loss 0.1845      LearningRate 0.000012   Epoch: 17   Global Step: 9379   Fp16 Grad Scale: 524288   Required: 17 hours


Training: 2026-06-05 17:35:48,919-Speed 157.79 samples/sec   Loss 1.3201  Expression Loss 1.1256      HeadPose Loss 0.1945      LearningRate 0.000012   Epoch: 17   Global Step: 9389   Fp16 Grad Scale: 524288   Required: 17 hours


Training: 2026-06-05 17:35:57,042-Speed 157.59 samples/sec   Loss 1.3752  Expression Loss 1.1795      HeadPose Loss 0.1957      LearningRate 0.000012   Epoch: 17   Global Step: 9399   Fp16 Grad Scale: 524288   Required: 17 hours


Training: 2026-06-05 17:36:05,161-Speed 157.67 samples/sec   Loss 1.3180  Expression Loss 1.1312      HeadPose Loss 0.1868      LearningRate 0.000012   Epoch: 17   Global Step: 9409   Fp16 Grad Scale: 524288   Required: 17 hours


Training: 2026-06-05 17:36:13,282-Speed 157.61 samples/sec   Loss 1.3408  Expression Loss 1.1227      HeadPose Loss 0.2181      LearningRate 0.000012   Epoch: 17   Global Step: 9419   Fp16 Grad Scale: 524288   Required: 17 hours


Training: 2026-06-05 17:36:21,407-Speed 157.56 samples/sec   Loss 1.2382  Expression Loss 1.0574      HeadPose Loss 0.1807      LearningRate 0.000012   Epoch: 17   Global Step: 9429   Fp16 Grad Scale: 524288   Required: 17 hours


Training: 2026-06-05 17:36:29,530-Speed 157.59 samples/sec   Loss 1.2927  Expression Loss 1.0664      HeadPose Loss 0.2263      LearningRate 0.000012   Epoch: 17   Global Step: 9439   Fp16 Grad Scale: 524288   Required: 17 hours


Training: 2026-06-05 17:36:37,631-Speed 158.00 samples/sec   Loss 1.2640  Expression Loss 1.0835      HeadPose Loss 0.1805      LearningRate 0.000012   Epoch: 17   Global Step: 9449   Fp16 Grad Scale: 524288   Required: 17 hours


Training: 2026-06-05 17:36:45,751-Speed 157.65 samples/sec   Loss 1.3539  Expression Loss 1.1477      HeadPose Loss 0.2062      LearningRate 0.000012   Epoch: 17   Global Step: 9459   Fp16 Grad Scale: 524288   Required: 17 hours


Training: 2026-06-05 17:36:53,881-Speed 157.45 samples/sec   Loss 1.3348  Expression Loss 1.1616      HeadPose Loss 0.1733      LearningRate 0.000012   Epoch: 17   Global Step: 9469   Fp16 Grad Scale: 524288   Required: 17 hours


Training: 2026-06-05 17:37:02,015-Speed 157.38 samples/sec   Loss 1.3491  Expression Loss 1.1642      HeadPose Loss 0.1848      LearningRate 0.000012   Epoch: 17   Global Step: 9479   Fp16 Grad Scale: 524288   Required: 17 hours


Training: 2026-06-05 17:37:10,496-Speed 150.93 samples/sec   Loss 1.3573  Expression Loss 1.1415      HeadPose Loss 0.2158      LearningRate 0.000012   Epoch: 17   Global Step: 9489   Fp16 Grad Scale: 524288   Required: 17 hours


Training: 2026-06-05 17:37:18,634-Speed 157.30 samples/sec   Loss 1.2713  Expression Loss 1.0727      HeadPose Loss 0.1986      LearningRate 0.000012   Epoch: 17   Global Step: 9499   Fp16 Grad Scale: 524288   Required: 17 hours


Training: 2026-06-05 17:37:26,762-Speed 157.48 samples/sec   Loss 1.2392  Expression Loss 1.0432      HeadPose Loss 0.1960      LearningRate 0.000012   Epoch: 17   Global Step: 9509   Fp16 Grad Scale: 524288   Required: 17 hours


Training: 2026-06-05 17:37:34,892-Speed 157.46 samples/sec   Loss 1.3061  Expression Loss 1.1235      HeadPose Loss 0.1826      LearningRate 0.000012   Epoch: 17   Global Step: 9519   Fp16 Grad Scale: 524288   Required: 17 hours


Training: 2026-06-05 17:37:43,026-Speed 157.37 samples/sec   Loss 1.2682  Expression Loss 1.0806      HeadPose Loss 0.1875      LearningRate 0.000012   Epoch: 17   Global Step: 9529   Fp16 Grad Scale: 524288   Required: 17 hours


Training: 2026-06-05 17:37:51,162-Speed 157.34 samples/sec   Loss 1.2754  Expression Loss 1.1044      HeadPose Loss 0.1710      LearningRate 0.000012   Epoch: 17   Global Step: 9539   Fp16 Grad Scale: 524288   Required: 17 hours


Training: 2026-06-05 17:37:59,295-Speed 157.40 samples/sec   Loss 1.3449  Expression Loss 1.1617      HeadPose Loss 0.1832      LearningRate 0.000012   Epoch: 17   Global Step: 9549   Fp16 Grad Scale: 1048576   Required: 17 hours


Training: 2026-06-05 17:38:07,427-Speed 157.40 samples/sec   Loss 1.2973  Expression Loss 1.1189      HeadPose Loss 0.1783      LearningRate 0.000012   Epoch: 17   Global Step: 9559   Fp16 Grad Scale: 524288   Required: 17 hours


Training: 2026-06-05 17:38:15,562-Speed 157.35 samples/sec   Loss 1.1969  Expression Loss 1.0172      HeadPose Loss 0.1798      LearningRate 0.000012   Epoch: 17   Global Step: 9569   Fp16 Grad Scale: 524288   Required: 17 hours


Training: 2026-06-05 17:38:23,688-Speed 157.55 samples/sec   Loss 1.3666  Expression Loss 1.1850      HeadPose Loss 0.1815      LearningRate 0.000012   Epoch: 17   Global Step: 9579   Fp16 Grad Scale: 524288   Required: 17 hours


Training: 2026-06-05 17:38:31,803-Speed 157.74 samples/sec   Loss 1.2470  Expression Loss 1.0762      HeadPose Loss 0.1708      LearningRate 0.000012   Epoch: 17   Global Step: 9589   Fp16 Grad Scale: 524288   Required: 17 hours


Training: 2026-06-05 17:38:39,931-Speed 157.48 samples/sec   Loss 1.3025  Expression Loss 1.1224      HeadPose Loss 0.1801      LearningRate 0.000012   Epoch: 17   Global Step: 9599   Fp16 Grad Scale: 524288   Required: 17 hours


Training: 2026-06-05 17:38:48,047-Speed 157.73 samples/sec   Loss 1.2936  Expression Loss 1.1158      HeadPose Loss 0.1778      LearningRate 0.000012   Epoch: 17   Global Step: 9609   Fp16 Grad Scale: 524288   Required: 17 hours


Training: 2026-06-05 17:38:56,164-Speed 157.70 samples/sec   Loss 1.2626  Expression Loss 1.0840      HeadPose Loss 0.1786      LearningRate 0.000012   Epoch: 17   Global Step: 9619   Fp16 Grad Scale: 524288   Required: 17 hours


Training: 2026-06-05 17:39:04,288-Speed 157.56 samples/sec   Loss 1.3245  Expression Loss 1.1370      HeadPose Loss 0.1875      LearningRate 0.000012   Epoch: 17   Global Step: 9629   Fp16 Grad Scale: 524288   Required: 17 hours


Training: 2026-06-05 17:39:12,412-Speed 157.57 samples/sec   Loss 1.2968  Expression Loss 1.1087      HeadPose Loss 0.1881      LearningRate 0.000012   Epoch: 17   Global Step: 9639   Fp16 Grad Scale: 524288   Required: 17 hours


Training: 2026-06-05 17:39:20,539-Speed 157.52 samples/sec   Loss 1.2227  Expression Loss 1.0508      HeadPose Loss 0.1719      LearningRate 0.000012   Epoch: 17   Global Step: 9649   Fp16 Grad Scale: 524288   Required: 17 hours


Training: 2026-06-05 17:39:28,666-Speed 157.50 samples/sec   Loss 1.3111  Expression Loss 1.1223      HeadPose Loss 0.1888      LearningRate 0.000012   Epoch: 17   Global Step: 9659   Fp16 Grad Scale: 1048576   Required: 17 hours


Training: 2026-06-05 17:39:36,791-Speed 157.55 samples/sec   Loss 1.2802  Expression Loss 1.0876      HeadPose Loss 0.1926      LearningRate 0.000012   Epoch: 17   Global Step: 9669   Fp16 Grad Scale: 1048576   Required: 17 hours


Training: 2026-06-05 17:39:44,919-Speed 157.49 samples/sec   Loss 1.3004  Expression Loss 1.0893      HeadPose Loss 0.2111      LearningRate 0.000012   Epoch: 17   Global Step: 9679   Fp16 Grad Scale: 524288   Required: 17 hours


Training: 2026-06-05 17:39:53,047-Speed 157.48 samples/sec   Loss 1.2305  Expression Loss 1.0503      HeadPose Loss 0.1803      LearningRate 0.000012   Epoch: 17   Global Step: 9689   Fp16 Grad Scale: 524288   Required: 17 hours


Training: 2026-06-05 17:40:01,186-Speed 157.29 samples/sec   Loss 1.2492  Expression Loss 1.0634      HeadPose Loss 0.1858      LearningRate 0.000012   Epoch: 17   Global Step: 9699   Fp16 Grad Scale: 524288   Required: 17 hours


Training: 2026-06-05 17:40:09,321-Speed 157.34 samples/sec   Loss 1.3154  Expression Loss 1.1203      HeadPose Loss 0.1951      LearningRate 0.000012   Epoch: 17   Global Step: 9709   Fp16 Grad Scale: 524288   Required: 17 hours


Training: 2026-06-05 17:40:17,453-Speed 157.42 samples/sec   Loss 1.3778  Expression Loss 1.1864      HeadPose Loss 0.1914      LearningRate 0.000012   Epoch: 17   Global Step: 9719   Fp16 Grad Scale: 524288   Required: 17 hours


Training: 2026-06-05 17:40:25,575-Speed 157.60 samples/sec   Loss 1.3027  Expression Loss 1.1082      HeadPose Loss 0.1946      LearningRate 0.000012   Epoch: 17   Global Step: 9729   Fp16 Grad Scale: 524288   Required: 17 hours


Training: 2026-06-05 17:40:33,704-Speed 157.48 samples/sec   Loss 1.2781  Expression Loss 1.0800      HeadPose Loss 0.1981      LearningRate 0.000012   Epoch: 17   Global Step: 9739   Fp16 Grad Scale: 524288   Required: 17 hours


Training: 2026-06-05 17:40:41,823-Speed 157.65 samples/sec   Loss 1.3272  Expression Loss 1.1101      HeadPose Loss 0.2171      LearningRate 0.000012   Epoch: 17   Global Step: 9749   Fp16 Grad Scale: 524288   Required: 17 hours


Training: 2026-06-05 17:40:49,947-Speed 157.57 samples/sec   Loss 1.3477  Expression Loss 1.1494      HeadPose Loss 0.1983      LearningRate 0.000012   Epoch: 17   Global Step: 9759   Fp16 Grad Scale: 524288   Required: 17 hours


Training: 2026-06-05 17:40:58,071-Speed 157.56 samples/sec   Loss 1.3066  Expression Loss 1.1413      HeadPose Loss 0.1652      LearningRate 0.000012   Epoch: 17   Global Step: 9769   Fp16 Grad Scale: 524288   Required: 17 hours


Training: 2026-06-05 17:41:06,183-Speed 157.82 samples/sec   Loss 1.2986  Expression Loss 1.0977      HeadPose Loss 0.2009      LearningRate 0.000012   Epoch: 17   Global Step: 9779   Fp16 Grad Scale: 524288   Required: 17 hours


Training: 2026-06-05 17:41:14,324-Speed 157.23 samples/sec   Loss 1.2736  Expression Loss 1.0941      HeadPose Loss 0.1795      LearningRate 0.000012   Epoch: 17   Global Step: 9789   Fp16 Grad Scale: 524288   Required: 17 hours


Training: 2026-06-05 17:41:22,451-Speed 157.51 samples/sec   Loss 1.3055  Expression Loss 1.1170      HeadPose Loss 0.1885      LearningRate 0.000012   Epoch: 17   Global Step: 9799   Fp16 Grad Scale: 524288   Required: 17 hours


Training: 2026-06-05 17:41:30,578-Speed 157.50 samples/sec   Loss 1.2986  Expression Loss 1.1202      HeadPose Loss 0.1784      LearningRate 0.000012   Epoch: 17   Global Step: 9809   Fp16 Grad Scale: 524288   Required: 17 hours


Training: 2026-06-05 17:41:38,714-Speed 157.33 samples/sec   Loss 1.2614  Expression Loss 1.0630      HeadPose Loss 0.1983      LearningRate 0.000012   Epoch: 17   Global Step: 9819   Fp16 Grad Scale: 524288   Required: 17 hours


Training: 2026-06-05 17:41:46,838-Speed 157.57 samples/sec   Loss 1.2967  Expression Loss 1.1142      HeadPose Loss 0.1825      LearningRate 0.000012   Epoch: 17   Global Step: 9829   Fp16 Grad Scale: 524288   Required: 17 hours


Training: 2026-06-05 17:41:54,971-Speed 157.40 samples/sec   Loss 1.2071  Expression Loss 1.0347      HeadPose Loss 0.1724      LearningRate 0.000012   Epoch: 17   Global Step: 9839   Fp16 Grad Scale: 524288   Required: 17 hours


Training: 2026-06-05 17:42:03,099-Speed 157.49 samples/sec   Loss 1.2957  Expression Loss 1.0951      HeadPose Loss 0.2006      LearningRate 0.000012   Epoch: 17   Global Step: 9849   Fp16 Grad Scale: 524288   Required: 17 hours


Training: 2026-06-05 17:42:11,231-Speed 157.41 samples/sec   Loss 1.1949  Expression Loss 1.0099      HeadPose Loss 0.1850      LearningRate 0.000012   Epoch: 17   Global Step: 9859   Fp16 Grad Scale: 524288   Required: 17 hours


Training: 2026-06-05 17:42:19,366-Speed 157.36 samples/sec   Loss 1.2956  Expression Loss 1.0833      HeadPose Loss 0.2124      LearningRate 0.000012   Epoch: 17   Global Step: 9869   Fp16 Grad Scale: 524288   Required: 17 hours


Training: 2026-06-05 17:42:27,475-Speed 157.85 samples/sec   Loss 1.2593  Expression Loss 1.0693      HeadPose Loss 0.1900      LearningRate 0.000012   Epoch: 17   Global Step: 9879   Fp16 Grad Scale: 524288   Required: 17 hours


Training: 2026-06-05 17:42:35,598-Speed 157.59 samples/sec   Loss 1.3108  Expression Loss 1.1181      HeadPose Loss 0.1927      LearningRate 0.000012   Epoch: 17   Global Step: 9889   Fp16 Grad Scale: 524288   Required: 17 hours


Training: 2026-06-05 17:42:43,719-Speed 157.62 samples/sec   Loss 1.2998  Expression Loss 1.0912      HeadPose Loss 0.2086      LearningRate 0.000012   Epoch: 17   Global Step: 9899   Fp16 Grad Scale: 524288   Required: 17 hours


Training: 2026-06-05 17:42:43,877-Val on RAF:
Training: 2026-06-05 17:42:44,133-Test: [0/103]	Time 0.256 (0.256)	Loss 1.2941 (1.2941)	Acc@1 53.125 (53.125)	Acc@3 71.875 (71.875)	Mem 10201MB
Training: 2026-06-05 17:42:45,477-Test: [10/103]	Time 0.134 (0.145)	Loss 1.5471 (1.6283)	Acc@1 48.438 (40.767)	Acc@3 73.438 (72.869)	Mem 10201MB
Training: 2026-06-05 17:42:46,823-Test: [20/103]	Time 0.134 (0.140)	Loss 1.7612 (1.6348)	Acc@1 39.062 (40.699)	Acc@3 70.312 (71.801)	Mem 10201MB
Training: 2026-06-05 17:42:48,167-Test: [30/103]	Time 0.134 (0.138)	Loss 1.8685 (1.6492)	Acc@1 32.812 (40.121)	Acc@3 70.312 (71.321)	Mem 10201MB
Training: 2026-06-05 17:42:49,512-Test: [40/103]	Time 0.134 (0.137)	Loss 1.9112 (1.6601)	Acc@1 34.375 (40.206)	Acc@3 65.625 (70.694)	Mem 10201MB
Training: 2026-06-05 17:42:50,856-Test: [50/103]	Time 0.134 (0.137)	Loss 1.6809 (1.6512)	Acc@1 45.312 (40.839)	Acc@3 68.750 (71.232)	Mem 10201MB
Training: 2026-06-05 17:42:52,201-Test: [60/103]	Time 0.135 (0.136)	Loss 1.8806 (1.6649)	Acc@1 32.812 (40.574)	Acc@3 65.625 (71.286)	Mem 10201MB
Training: 2026-06-05 17:42:53,546-Test: [70/103]	Time 0.134 (0.136)	Loss 1.5003 (1.6522)	Acc@1 40.625 (40.823)	Acc@3 71.875 (71.413)	Mem 10201MB
Training: 2026-06-05 17:42:54,891-Test: [80/103]	Time 0.134 (0.136)	Loss 1.5913 (1.6399)	Acc@1 45.312 (40.992)	Acc@3 70.312 (71.759)	Mem 10201MB
Training: 2026-06-05 17:42:56,236-Test: [90/103]	Time 0.134 (0.136)	Loss 1.7154 (1.6398)	Acc@1 43.750 (41.157)	Acc@3 76.562 (71.772)	Mem 10201MB
Training: 2026-06-05 17:42:57,581-Test: [100/103]	Time 0.135 (0.136)	Loss 1.8264 (1.6456)	Acc@1 34.375 (41.105)	Acc@3 67.188 (71.658)	Mem 10201MB
Training: 2026-06-05 17:42:57,874-[9900]Expression Loss: 1.64724
Training: 2026-06-05 17:42:57,874-[9900]Expression Acc@1: 41.10840
Training: 2026-06-05 17:42:57,874-[9900]Expression Acc@1-Highest: 41.10840
Training: 2026-06-05 17:42:57,874-[9900]Expression Acc@3: 71.65043
Training: 2026-06-05 17:42:57,874-[9900]Expression Acc@3-Highest: 71.65043
Training: 2026-06-05 17:42:57,874-[9900]10 Times Expression Acc@1: 25.88002
Training: 2026-06-05 17:42:57,874-[9900]10 Times Expression Acc@1-Highest: 25.88002
Training: 2026-06-05 17:42:57,875-Val on AFLW:
Training: 2026-06-05 17:42:58,861-Test: [0/69]	Time 0.985 (0.985)	Landmark MAE 0.622 (0.622)	Pose MAE 0.251 (0.251)	Mem 10201MB
Training: 2026-06-05 17:43:07,993-Test: [10/69]	Time 1.723 (0.920)	Landmark MAE 0.604 (0.610)	Pose MAE 0.204 (0.168)	Mem 10201MB
Training: 2026-06-05 17:43:19,494-Test: [20/69]	Time 1.576 (1.029)	Landmark MAE 0.611 (0.607)	Pose MAE 0.142 (0.168)	Mem 10201MB
Training: 2026-06-05 17:43:29,594-Test: [30/69]	Time 0.934 (1.023)	Landmark MAE 0.620 (0.608)	Pose MAE 0.167 (0.169)	Mem 10201MB
Training: 2026-06-05 17:43:39,407-Test: [40/69]	Time 0.801 (1.013)	Landmark MAE 0.591 (0.608)	Pose MAE 0.174 (0.171)	Mem 10201MB
Training: 2026-06-05 17:43:51,317-Test: [50/69]	Time 1.683 (1.048)	Landmark MAE 0.576 (0.609)	Pose MAE 0.165 (0.168)	Mem 10201MB
Training: 2026-06-05 17:44:01,997-Test: [60/69]	Time 0.909 (1.051)	Landmark MAE 0.609 (0.608)	Pose MAE 0.152 (0.166)	Mem 10201MB
Training: 2026-06-05 17:44:09,373-[9900]Landmark MAE: 0.60824
Training: 2026-06-05 17:44:09,374-[9900]Landmark MAE-Best: 0.60673
Training: 2026-06-05 17:44:09,374-[9900]Pose MAE: 0.16671
Training: 2026-06-05 17:44:09,374-[9900]Pose MAE-Best: 0.16671
Training: 2026-06-05 17:44:09,374-[9900]10 Times Avg MAE: 0.40971
Training: 2026-06-05 17:44:09,374-[9900]10 Times Avg MAE-Best: 0.40971
/home/lslopes/.conda/envs/swin-det/lib/python3.7/site-packages/torch/distributed/launch.py:186: FutureWarning: The module torch.distributed.launch is deprecated
and will be removed in future. Use torchrun.
Note that --use_env is set by default in torchrun.
If your script expects `--local_rank` argument to be set, please
change it to read from `os.environ['LOCAL_RANK']` instead. See 
https://pytorch.org/docs/stable/distributed.html#launch-utility for 
further instructions

  FutureWarning,
